时间,设备名称,片上时间(),加速度X(g),加速度Y(g),加速度Z(g),角速度X(°/s),角速度Y(°/s),角速度Z(°/s),角度X(°),角度Y(°),角度Z(°),磁场X(ʯt),磁场Y(ʯt),磁场Z(ʯt),温度(℃),气压(Pa),高度(m),经度(),纬度(),GPS地速(km),GPS航向(°),GPS高度(m),卫星数量(),位置定位精度(),水平定位精度(),垂直定位精度(),四元数0(),四元数1(),四元数2(),四元数3()
 12:57:50.180,COM3,, -0.002, 0.004, 0.998, 0.000, 0.000, 0.000, 0.033, -0.005, -110.385, -19.083, -7.050, -22.300, 31.87,,,,,,,,,,,, 0.57080, 0.00012, -0.00031, -0.82104,
 12:57:50.180,COM3,, 0.000, 0.001, 0.996, 0.000, 0.000, 0.000, 0.033, -0.005, -110.385, -19.075, -7.083, -22.308, 31.75,,,,,,,,,,,, 0.57080, 0.00012, -0.00031, -0.82104,
 12:57:50.196,COM3,, 0.001, 0.002, 0.998, 0.000, 0.000, 0.000, 0.033, -0.005, -110.385, -19.067, -7.108, -22.292, 31.68,,,,,,,,,,,, 0.57080, 0.00012, -0.00031, -0.82104,
 12:57:50.196,COM3,, -0.001, 0.002, 0.999, 0.000, 0.000, 0.000, 0.033, -0.005, -110.385, -19.058, -7.117, -22.275, 31.62,,,,,,,,,,,, 0.57080, 0.00012, -0.00031, -0.82104,
 12:57:50.212,COM3,, -0.001, 0.002, 1.006, 0.000, 0.000, 0.000, 0.033, -0.005, -110.385, -19.092, -7.100, -22.317, 31.75,,,,,,,,,,,, 0.57080, 0.00012, -0.00031, -0.82104,
 12:57:50.227,COM3,, 0.000, 0.000, 1.003, 0.000, 0.000, 0.000, 0.033, -0.005, -110.385, -19.142, -7.058, -22.375, 32.00,,,,,,,,,,,, 0.57080, 0.00012, -0.00031, -0.82104,
 12:57:50.227,COM3,, 0.000, 0.000, 0.999, 0.000, 0.000, 0.000, 0.033, -0.005, -110.385, -19.183, -7.017, -22.400, 31.68,,,,,,,,,,,, 0.57080, 0.00012, -0.00031, -0.82104,
 12:57:50.243,COM3,, 0.000, 0.002, 1.001, 0.000, 0.000, 0.000, 0.033, -0.005, -110.385, -19.183, -7.008, -22.383, 31.94,,,,,,,,,,,, 0.57080, 0.00012, -0.00031, -0.82104,
 12:57:50.259,COM3,, -0.002, 0.002, 1.000, 0.000, 0.000, 0.000, 0.033, -0.005, -110.385, -19.133, -7.033, -22.325, 31.94,,,,,,,,,,,, 0.57080, 0.00012, -0.00031, -0.82104,
 12:57:50.259,COM3,, -0.001, 0.001, 0.999, 0.000, 0.000, 0.000, 0.033, -0.005, -110.385, -19.050, -7.083, -22.283, 31.87,,,,,,,,,,,, 0.57080, 0.00012, -0.00031, -0.82104,
 12:57:50.274,COM3,, 0.001, 0.002, 1.000, 0.000, 0.000, 0.000, 0.033, -0.005, -110.385, -18.975, -7.083, -22.258, 31.62,,,,,,,,,,,, 0.57080, 0.00012, -0.00031, -0.82104,
 12:57:50.291,COM3,, -0.001, -0.001, 0.998, 0.000, 0.000, 0.000, 0.033, -0.005, -110.385, -18.958, -7.075, -22.233, 31.68,,,,,,,,,,,, 0.57080, 0.00012, -0.00031, -0.82104,
 12:57:50.291,COM3,, 0.000, -0.001, 0.999, 0.000, 0.000, 0.000, 0.033, -0.005, -110.385, -18.992, -7.100, -22.250, 31.68,,,,,,,,,,,, 0.57080, 0.00012, -0.00031, -0.82104,
 12:57:50.306,COM3,, -0.001, 0.003, 1.000, 0.000, 0.000, 0.000, 0.033, -0.005, -110.385, -19.033, -7.117, -22.283, 31.87,,,,,,,,,,,, 0.57080, 0.00012, -0.00031, -0.82104,
 12:57:50.306,COM3,, 0.000, 0.000, 1.001, 0.000, 0.000, 0.000, 0.033, -0.005, -110.385, -19.033, -7.117, -22.258, 31.68,,,,,,,,,,,, 0.57080, 0.00012, -0.00031, -0.82104,
 12:57:50.321,COM3,, 0.000, 0.001, 1.001, 0.000, 0.000, 0.000, 0.033, -0.005, -110.385, -19.017, -7.150, -22.250, 31.62,,,,,,,,,,,, 0.57080, 0.00012, -0.00031, -0.82104,
 12:57:50.337,COM3,, 0.001, 0.000, 1.001, 0.000, 0.000, 0.000, 0.033, -0.005, -110.385, -19.008, -7.167, -22.292, 31.75,,,,,,,,,,,, 0.57080, 0.00012, -0.00031, -0.82104,
 12:57:50.337,COM3,, 0.000, 0.003, 1.002, 0.000, 0.000, 0.000, 0.038, -0.005, -110.385, -19.033, -7.167, -22.317, 31.56,,,,,,,,,,,, 0.57080, 0.00012, -0.00031, -0.82104,
 12:57:50.352,COM3,, 0.000, 0.000, 1.000, 0.000, 0.000, 0.000, 0.038, -0.005, -110.385, -19.042, -7.175, -22.300, 31.68,,,,,,,,,,,, 0.57080, 0.00012, -0.00031, -0.82104,
 12:57:50.368,COM3,, 0.000, 0.000, 1.002, 0.000, 0.000, 0.000, 0.038, -0.005, -110.385, -19.033, -7.167, -22.242, 31.94,,,,,,,,,,,, 0.57080, 0.00012, -0.00031, -0.82104,
 12:57:50.368,COM3,, 0.001, 0.001, 0.998, 0.000, 0.000, 0.000, 0.038, -0.005, -110.385, -19.025, -7.142, -22.183, 31.62,,,,,,,,,,,, 0.57080, 0.00012, -0.00031, -0.82104,
 12:57:50.384,COM3,, -0.003, 0.001, 0.999, 0.000, 0.000, 0.000, 0.038, -0.005, -110.385, -19.008, -7.108, -22.167, 32.00,,,,,,,,,,,, 0.57080, 0.00012, -0.00031, -0.82104,
 12:57:50.400,COM3,, 0.000, 0.002, 1.000, 0.000, 0.000, 0.000, 0.038, -0.005, -110.385, -19.017, -7.092, -22.167, 31.87,,,,,,,,,,,, 0.57080, 0.00012, -0.00031, -0.82104,
 12:57:50.400,COM3,, 0.000, 0.001, 0.999, 0.000, 0.000, 0.000, 0.038, -0.005, -110.385, -19.033, -7.100, -22.125, 31.94,,,,,,,,,,,, 0.57080, 0.00012, -0.00031, -0.82104,
 12:57:50.415,COM3,, 0.001, 0.000, 1.000, 0.000, 0.000, 0.000, 0.038, -0.005, -110.385, -19.025, -7.092, -22.092, 31.94,,,,,,,,,,,, 0.57080, 0.00012, -0.00031, -0.82104,
 12:57:50.415,COM3,, -0.001, -0.001, 1.002, 0.000, 0.000, 0.000, 0.038, -0.005, -110.385, -19.017, -7.067, -22.075, 31.87,,,,,,,,,,,, 0.57080, 0.00012, -0.00031, -0.82104,
 12:57:50.431,COM3,, 0.000, -0.002, 1.003, 0.000, 0.000, 0.000, 0.038, -0.005, -110.385, -19.008, -7.083, -22.075, 31.94,,,,,,,,,,,, 0.57080, 0.00012, -0.00031, -0.82104,
 12:57:50.448,COM3,, 0.000, 0.001, 1.003, 0.000, 0.000, 0.000, 0.038, -0.005, -110.385, -18.983, -7.100, -22.100, 32.12,,,,,,,,,,,, 0.57080, 0.00015, -0.00031, -0.82104,
 12:57:50.448,COM3,, 0.000, 0.001, 1.000, 0.000, 0.000, 0.000, 0.038, -0.005, -110.385, -18.958, -7.142, -22.117, 31.87,,,,,,,,,,,, 0.57080, 0.00015, -0.00031, -0.82104,
 12:57:50.464,COM3,, 0.001, 0.003, 1.000, 0.000, 0.000, 0.000, 0.038, -0.005, -110.385, -18.992, -7.167, -22.092, 31.62,,,,,,,,,,,, 0.57080, 0.00015, -0.00031, -0.82104,
 12:57:50.480,COM3,, 0.001, 0.003, 0.998, 0.000, 0.000, 0.000, 0.038, -0.005, -110.385, -19.017, -7.158, -22.125, 31.75,,,,,,,,,,,, 0.57080, 0.00015, -0.00031, -0.82104,
 12:57:50.482,COM3,, 0.000, 0.002, 0.999, 0.000, 0.000, 0.000, 0.038, -0.005, -110.385, -19.050, -7.133, -22.200, 31.62,,,,,,,,,,,, 0.57080, 0.00015, -0.00031, -0.82104,
 12:57:50.495,COM3,, 0.000, 0.000, 1.000, 0.000, 0.000, 0.000, 0.038, -0.005, -110.385, -19.067, -7.150, -22.250, 31.56,,,,,,,,,,,, 0.57080, 0.00015, -0.00031, -0.82104,
 12:57:50.495,COM3,, 0.002, -0.001, 0.998, 0.000, 0.000, 0.000, 0.038, -0.005, -110.385, -19.067, -7.175, -22.258, 32.06,,,,,,,,,,,, 0.57080, 0.00015, -0.00031, -0.82104,
 12:57:50.511,COM3,, 0.001, 0.002, 1.000, 0.000, 0.000, 0.000, 0.038, -0.005, -110.385, -19.067, -7.158, -22.275, 31.94,,,,,,,,,,,, 0.57080, 0.00015, -0.00031, -0.82104,
 12:57:50.527,COM3,, -0.001, 0.001, 1.000, 0.000, 0.000, 0.000, 0.038, -0.005, -110.385, -19.058, -7.150, -22.283, 31.75,,,,,,,,,,,, 0.57080, 0.00015, -0.00031, -0.82104,
 12:57:50.527,COM3,, -0.003, -0.001, 1.000, 0.000, 0.000, 0.000, 0.038, -0.005, -110.385, -19.050, -7.133, -22.250, 32.06,,,,,,,,,,,, 0.57080, 0.00015, -0.00031, -0.82104,
 12:57:50.542,COM3,, -0.003, 0.000, 1.000, 0.000, 0.000, 0.000, 0.038, -0.005, -110.385, -19.058, -7.117, -22.250, 31.87,,,,,,,,,,,, 0.57080, 0.00015, -0.00031, -0.82104,
 12:57:50.558,COM3,, -0.001, 0.003, 1.003, 0.000, 0.000, 0.000, 0.038, -0.005, -110.385, -19.058, -7.125, -22.283, 31.56,,,,,,,,,,,, 0.57080, 0.00015, -0.00031, -0.82104,
 12:57:50.558,COM3,, 0.000, 0.001, 1.004, 0.000, 0.000, 0.000, 0.038, -0.005, -110.385, -19.042, -7.117, -22.308, 32.06,,,,,,,,,,,, 0.57080, 0.00015, -0.00031, -0.82104,
 12:57:50.574,COM3,, -0.001, 0.000, 1.000, 0.000, 0.000, 0.000, 0.038, -0.005, -110.385, -19.042, -7.125, -22.333, 31.87,,,,,,,,,,,, 0.57080, 0.00015, -0.00031, -0.82104,
 12:57:50.590,COM3,, 0.000, 0.001, 1.001, 0.000, 0.000, 0.000, 0.038, -0.005, -110.385, -19.033, -7.142, -22.367, 31.87,,,,,,,,,,,, 0.57080, 0.00015, -0.00031, -0.82104,
 12:57:50.590,COM3,, 0.000, 0.002, 1.000, 0.000, 0.000, 0.000, 0.038, -0.005, -110.385, -19.033, -7.125, -22.367, 31.75,,,,,,,,,,,, 0.57080, 0.00015, -0.00031, -0.82104,
 12:57:50.606,COM3,, -0.001, -0.001, 1.000, 0.000, 0.000, 0.000, 0.038, -0.005, -110.385, -19.033, -7.133, -22.342, 31.94,,,,,,,,,,,, 0.57080, 0.00015, -0.00031, -0.82104,
 12:57:50.606,COM3,, 0.001, 0.000, 0.999, 0.000, 0.000, 0.000, 0.038, -0.005, -110.385, -19.008, -7.117, -22.283, 31.87,,,,,,,,,,,, 0.57080, 0.00015, -0.00031, -0.82104,
 12:57:50.622,COM3,, 0.000, 0.000, 1.000, 0.000, 0.000, 0.000, 0.038, 0.000, -110.385, -19.017, -7.100, -22.283, 31.68,,,,,,,,,,,, 0.57080, 0.00015, -0.00031, -0.82104,
 12:57:50.637,COM3,, 0.000, 0.000, 0.999, 0.000, 0.000, 0.000, 0.038, 0.000, -110.385, -19.092, -7.075, -22.358, 31.75,,,,,,,,,,,, 0.57080, 0.00015, -0.00031, -0.82104,
 12:57:50.637,COM3,, -0.002, 0.001, 0.997, 0.000, 0.000, 0.000, 0.038, 0.000, -110.385, -19.150, -7.075, -22.425, 31.94,,,,,,,,,,,, 0.57080, 0.00015, -0.00031, -0.82104,
 12:57:50.653,COM3,, 0.001, 0.000, 1.002, 0.000, 0.000, 0.000, 0.038, 0.000, -110.385, -19.142, -7.108, -22.442, 31.87,,,,,,,,,,,, 0.57080, 0.00015, -0.00031, -0.82104,
 12:57:50.668,COM3,, 0.000, 0.001, 1.000, 0.000, 0.000, 0.000, 0.038, 0.000, -110.385, -19.092, -7.167, -22.392, 31.68,,,,,,,,,,,, 0.57080, 0.00015, -0.00031, -0.82104,
 12:57:50.668,COM3,, 0.001, 0.000, 1.002, 0.000, 0.000, 0.000, 0.038, 0.000, -110.385, -19.033, -7.175, -22.300, 31.87,,,,,,,,,,,, 0.57080, 0.00015, -0.00031, -0.82104,
 12:57:50.684,COM3,, 0.000, 0.000, 1.000, 0.000, 0.000, 0.000, 0.038, 0.000, -110.385, -18.983, -7.133, -22.225, 31.68,,,,,,,,,,,, 0.57080, 0.00015, -0.00031, -0.82104,
 12:57:50.684,COM3,, 0.000, 0.001, 1.000, 0.000, 0.000, 0.000, 0.038, 0.000, -110.385, -18.925, -7.100, -22.175, 31.68,,,,,,,,,,,, 0.57080, 0.00015, -0.00031, -0.82104,
 12:57:50.700,COM3,, 0.000, 0.000, 0.998, 0.000, 0.000, 0.000, 0.038, 0.000, -110.385, -18.883, -7.092, -22.117, 31.94,,,,,,,,,,,, 0.57080, 0.00015, -0.00031, -0.82104,
 12:57:50.716,COM3,, 0.000, 0.002, 1.000, 0.000, 0.000, 0.000, 0.038, 0.000, -110.385, -18.917, -7.092, -22.083, 32.00,,,,,,,,,,,, 0.57080, 0.00015, -0.00031, -0.82104,
 12:57:50.716,COM3,, -0.002, 0.001, 1.000, 0.000, 0.000, 0.000, 0.038, 0.000, -110.385, -18.950, -7.083, -22.083, 31.62,,,,,,,,,,,, 0.57080, 0.00015, -0.00031, -0.82104,
 12:57:50.732,COM3,, -0.001, 0.002, 1.001, 0.000, 0.000, 0.000, 0.038, 0.000, -110.385, -18.942, -7.075, -22.025, 31.68,,,,,,,,,,,, 0.57080, 0.00015, -0.00031, -0.82104,
 12:57:50.749,COM3,, 0.000, 0.000, 1.003, 0.000, 0.000, 0.000, 0.038, 0.000, -110.385, -18.967, -7.058, -21.975, 32.06,,,,,,,,,,,, 0.57080, 0.00015, -0.00031, -0.82104,
 12:57:50.749,COM3,, 0.000, 0.000, 1.003, 0.000, 0.000, 0.000, 0.038, 0.000, -110.385, -19.000, -7.025, -21.983, 31.94,,,,,,,,,,,, 0.57080, 0.00015, -0.00031, -0.82104,
 12:57:50.764,COM3,, -0.002, 0.000, 1.001, 0.000, 0.000, 0.000, 0.038, 0.000, -110.385, -18.992, -7.017, -21.983, 32.12,,,,,,,,,,,, 0.57080, 0.00015, -0.00031, -0.82104,
 12:57:50.780,COM3,, -0.001, 0.000, 1.000, 0.000, 0.000, 0.000, 0.038, 0.000, -110.385, -18.992, -7.025, -22.000, 31.87,,,,,,,,,,,, 0.57080, 0.00015, -0.00031, -0.82104,
 12:57:50.780,COM3,, 0.000, 0.001, 1.002, 0.000, 0.000, 0.000, 0.038, 0.000, -110.385, -19.017, -7.058, -21.983, 32.00,,,,,,,,,,,, 0.57080, 0.00015, -0.00031, -0.82104,
 12:57:50.796,COM3,, 0.001, 0.000, 0.999, 0.000, 0.000, 0.000, 0.038, 0.000, -110.385, -19.050, -7.075, -21.950, 31.49,,,,,,,,,,,, 0.57080, 0.00015, -0.00031, -0.82104,
 12:57:50.796,COM3,, 0.000, 0.001, 1.000, 0.000, 0.000, 0.000, 0.038, 0.000, -110.385, -19.050, -7.092, -21.942, 31.94,,,,,,,,,,,, 0.57080, 0.00015, -0.00031, -0.82104,
 12:57:50.811,COM3,, 0.000, 0.001, 0.997, 0.000, 0.000, 0.000, 0.038, 0.000, -110.385, -19.042, -7.083, -22.000, 31.94,,,,,,,,,,,, 0.57080, 0.00015, -0.00031, -0.82104,
 12:57:50.826,COM3,, -0.001, 0.001, 0.997, 0.000, 0.000, 0.000, 0.038, 0.000, -110.385, -19.058, -7.100, -22.075, 32.00,,,,,,,,,,,, 0.57080, 0.00015, -0.00031, -0.82104,
 12:57:50.826,COM3,, 0.001, 0.000, 1.001, 0.000, 0.000, 0.000, 0.038, 0.000, -110.385, -19.050, -7.125, -22.050, 31.94,,,,,,,,,,,, 0.57080, 0.00015, -0.00031, -0.82104,
 12:57:50.842,COM3,, 0.000, 0.002, 0.999, 0.000, 0.000, 0.000, 0.038, 0.000, -110.385, -19.033, -7.133, -21.983, 31.87,,,,,,,,,,,, 0.57080, 0.00015, -0.00031, -0.82104,
 12:57:50.858,COM3,, -0.002, 0.000, 1.000, 0.000, 0.000, 0.000, 0.038, 0.000, -110.385, -19.033, -7.150, -21.942, 31.62,,,,,,,,,,,, 0.57080, 0.00015, -0.00031, -0.82104,
 12:57:50.858,COM3,, 0.001, -0.001, 1.003, 0.000, 0.000, 0.000, 0.038, 0.000, -110.385, -19.025, -7.158, -21.933, 32.06,,,,,,,,,,,, 0.57080, 0.00015, -0.00031, -0.82104,
 12:57:50.874,COM3,, 0.000, -0.002, 0.999, 0.000, 0.000, 0.000, 0.038, 0.000, -110.385, -19.008, -7.133, -21.917, 31.75,,,,,,,,,,,, 0.57080, 0.00015, -0.00031, -0.82104,
 12:57:50.874,COM3,, 0.000, 0.000, 1.000, 0.000, 0.000, 0.000, 0.038, 0.000, -110.385, -18.992, -7.117, -21.842, 31.75,,,,,,,,,,,, 0.57080, 0.00015, -0.00031, -0.82104,
 12:57:50.890,COM3,, 0.000, 0.002, 0.999, 0.000, 0.000, 0.000, 0.038, 0.000, -110.385, -19.017, -7.083, -21.825, 32.06,,,,,,,,,,,, 0.57080, 0.00015, -0.00027, -0.82104,
 12:57:50.906,COM3,, 0.001, 0.001, 0.998, 0.000, 0.000, 0.000, 0.038, 0.000, -110.385, -19.008, -7.067, -21.833, 31.87,,,,,,,,,,,, 0.57080, 0.00015, -0.00027, -0.82104,
 12:57:50.906,COM3,, 0.000, 0.004, 0.996, 0.000, 0.000, 0.000, 0.038, 0.000, -110.385, -19.017, -7.058, -21.875, 31.94,,,,,,,,,,,, 0.57080, 0.00015, -0.00027, -0.82104,
 12:57:50.922,COM3,, 0.001, 0.002, 1.000, 0.000, 0.000, 0.000, 0.038, 0.000, -110.385, -19.058, -7.042, -21.900, 31.94,,,,,,,,,,,, 0.57080, 0.00015, -0.00027, -0.82104,
 12:57:50.938,COM3,, -0.002, 0.002, 1.000, 0.000, 0.000, 0.000, 0.038, 0.000, -110.385, -19.100, -7.050, -21.908, 31.56,,,,,,,,,,,, 0.57080, 0.00015, -0.00031, -0.82104,
 12:57:50.938,COM3,, 0.000, 0.000, 0.998, 0.000, 0.000, 0.000, 0.038, 0.000, -110.385, -19.117, -7.092, -21.925, 32.12,,,,,,,,,,,, 0.57080, 0.00015, -0.00031, -0.82104,
 12:57:50.954,COM3,, 0.000, 0.000, 1.000, 0.000, 0.000, 0.000, 0.038, 0.000, -110.385, -19.108, -7.117, -21.958, 31.94,,,,,,,,,,,, 0.57080, 0.00015, -0.00031, -0.82104,
 12:57:50.954,COM3,, 0.000, 0.001, 1.002, 0.000, 0.000, 0.000, 0.038, 0.000, -110.385, -19.108, -7.125, -21.958, 31.87,,,,,,,,,,,, 0.57080, 0.00015, -0.00031, -0.82104,
 12:57:50.970,COM3,, -0.002, 0.001, 1.002, 0.000, 0.000, 0.000, 0.038, 0.000, -110.385, -19.108, -7.125, -21.967, 31.94,,,,,,,,,,,, 0.57080, 0.00015, -0.00031, -0.82104,
 12:57:50.986,COM3,, -0.001, 0.002, 0.999, 0.000, 0.000, 0.000, 0.038, 0.000, -110.385, -19.100, -7.125, -22.000, 31.75,,,,,,,,,,,, 0.57080, 0.00015, -0.00031, -0.82104,
 12:57:50.986,COM3,, 0.000, 0.000, 1.000, 0.000, 0.000, 0.000, 0.038, 0.000, -110.385, -19.075, -7.125, -22.008, 32.06,,,,,,,,,,,, 0.57080, 0.00015, -0.00031, -0.82104,
 12:57:51.001,COM3,, 0.001, 0.000, 0.999, 0.000, 0.000, 0.000, 0.038, 0.000, -110.385, -19.058, -7.125, -21.967, 31.87,,,,,,,,,,,, 0.57080, 0.00015, -0.00031, -0.82104,
 12:57:51.016,COM3,, 0.002, -0.001, 0.998, 0.000, 0.000, 0.000, 0.038, 0.000, -110.385, -19.075, -7.108, -21.917, 31.68,,,,,,,,,,,, 0.57080, 0.00015, -0.00027, -0.82104,
 12:57:51.016,COM3,, 0.001, 0.000, 0.996, 0.000, 0.000, 0.000, 0.038, 0.000, -110.385, -19.108, -7.108, -21.867, 31.62,,,,,,,,,,,, 0.57080, 0.00015, -0.00027, -0.82104,
 12:57:51.032,COM3,, 0.000, 0.002, 0.999, 0.000, 0.000, 0.000, 0.038, 0.000, -110.385, -19.108, -7.117, -21.875, 31.68,,,,,,,,,,,, 0.57080, 0.00015, -0.00027, -0.82104,
 12:57:51.048,COM3,, -0.001, 0.000, 1.001, 0.000, 0.000, 0.000, 0.038, 0.000, -110.385, -19.083, -7.150, -21.950, 31.94,,,,,,,,,,,, 0.57080, 0.00015, -0.00027, -0.82104,
 12:57:51.048,COM3,, 0.000, 0.002, 1.000, 0.000, 0.000, 0.000, 0.038, 0.000, -110.385, -19.058, -7.150, -22.017, 32.00,,,,,,,,,,,, 0.57080, 0.00015, -0.00027, -0.82104,
 12:57:51.064,COM3,, -0.002, 0.001, 1.002, 0.000, 0.000, 0.000, 0.038, 0.000, -110.385, -19.000, -7.108, -22.042, 32.00,,,,,,,,,,,, 0.57080, 0.00015, -0.00027, -0.82104,
 12:57:51.064,COM3,, -0.001, 0.001, 1.005, 0.000, 0.000, 0.000, 0.038, 0.000, -110.385, -18.967, -7.100, -22.050, 31.68,,,,,,,,,,,, 0.57080, 0.00015, -0.00027, -0.82104,
 12:57:51.081,COM3,, 0.000, -0.002, 1.003, 0.000, 0.000, 0.000, 0.038, 0.000, -110.385, -18.967, -7.125, -22.083, 31.68,,,,,,,,,,,, 0.57080, 0.00015, -0.00027, -0.82104,
 12:57:51.096,COM3,, 0.000, 0.000, 0.999, 0.000, 0.000, 0.000, 0.038, 0.000, -110.385, -18.958, -7.125, -22.133, 31.62,,,,,,,,,,,, 0.57080, 0.00018, -0.00027, -0.82104,
 12:57:51.096,COM3,, 0.000, 0.000, 1.000, 0.000, 0.000, 0.000, 0.038, 0.000, -110.385, -18.983, -7.117, -22.142, 31.75,,,,,,,,,,,, 0.57080, 0.00018, -0.00027, -0.82104,
 12:57:51.112,COM3,, 0.001, 0.001, 0.997, 0.000, 0.000, 0.000, 0.038, 0.000, -110.385, -19.025, -7.083, -22.075, 31.62,,,,,,,,,,,, 0.57080, 0.00018, -0.00027, -0.82104,
 12:57:51.128,COM3,, 0.000, 0.001, 1.000, 0.000, 0.000, 0.000, 0.038, 0.000, -110.385, -19.083, -7.042, -22.067, 31.75,,,,,,,,,,,, 0.57080, 0.00018, -0.00027, -0.82104,
 12:57:51.128,COM3,, 0.002, 0.000, 0.998, 0.000, 0.000, 0.000, 0.038, 0.000, -110.385, -19.150, -7.058, -22.117, 31.56,,,,,,,,,,,, 0.57080, 0.00018, -0.00027, -0.82104,
 12:57:51.144,COM3,, 0.001, 0.002, 1.000, 0.000, 0.000, 0.000, 0.038, 0.000, -110.385, -19.208, -7.067, -22.108, 31.75,,,,,,,,,,,, 0.57080, 0.00018, -0.00027, -0.82104,
 12:57:51.144,COM3,, 0.000, 0.002, 1.001, 0.000, 0.000, 0.000, 0.038, 0.000, -110.385, -19.192, -7.050, -22.058, 31.87,,,,,,,,,,,, 0.57080, 0.00018, -0.00027, -0.82104,
 12:57:51.159,COM3,, 0.001, -0.001, 1.000, 0.000, 0.000, 0.000, 0.038, 0.000, -110.385, -19.150, -7.025, -22.017, 32.12,,,,,,,,,,,, 0.57080, 0.00018, -0.00027, -0.82104,
 12:57:51.175,COM3,, 0.000, 0.001, 1.000, 0.000, 0.000, 0.000, 0.038, 0.000, -110.385, -19.125, -7.042, -22.033, 31.94,,,,,,,,,,,, 0.57080, 0.00018, -0.00027, -0.82104,
 12:57:51.175,COM3,, 0.000, -0.001, 1.002, 0.000, 0.000, 0.000, 0.038, 0.000, -110.385, -19.100, -7.092, -22.067, 31.75,,,,,,,,,,,, 0.57080, 0.00018, -0.00027, -0.82104,
 12:57:51.190,COM3,, 0.000, 0.000, 0.999, 0.000, 0.000, 0.000, 0.038, 0.000, -110.385, -19.058, -7.117, -22.067, 31.94,,,,,,,,,,,, 0.57080, 0.00018, -0.00027, -0.82104,
 12:57:51.205,COM3,, 0.000, 0.002, 1.002, 0.000, 0.000, 0.000, 0.038, 0.000, -110.385, -19.025, -7.150, -22.058, 31.75,,,,,,,,,,,, 0.57080, 0.00018, -0.00027, -0.82104,
 12:57:51.205,COM3,, 0.001, 0.000, 0.998, 0.000, 0.000, 0.000, 0.038, 0.000, -110.385, -19.058, -7.175, -22.067, 31.68,,,,,,,,,,,, 0.57080, 0.00018, -0.00027, -0.82104,
 12:57:51.221,COM3,, 0.001, 0.002, 0.999, 0.000, 0.000, 0.000, 0.038, 0.000, -110.385, -19.117, -7.183, -22.092, 31.94,,,,,,,,,,,, 0.57080, 0.00018, -0.00031, -0.82104,
 12:57:51.237,COM3,, 0.000, 0.004, 0.999, 0.000, 0.000, 0.000, 0.038, 0.000, -110.385, -19.125, -7.183, -22.058, 32.06,,,,,,,,,,,, 0.57080, 0.00018, -0.00031, -0.82104,
 12:57:51.237,COM3,, 0.000, 0.000, 0.997, 0.000, 0.000, 0.000, 0.038, 0.000, -110.385, -19.100, -7.142, -22.058, 31.94,,,,,,,,,,,, 0.57080, 0.00018, -0.00031, -0.82104,
 12:57:51.253,COM3,, 0.004, 0.001, 0.991, 0.000, 0.000, 0.000, 0.038, 0.000, -110.385, -19.092, -7.100, -22.092, 31.75,,,,,,,,,,,, 0.57080, 0.00018, -0.00031, -0.82104,
 12:57:51.268,COM3,, -0.001, 0.001, 0.999, 0.000, 0.000, 0.000, 0.038, 0.000, -110.385, -19.083, -7.092, -22.125, 32.00,,,,,,,,,,,, 0.57080, 0.00018, -0.00031, -0.82104,
 12:57:51.268,COM3,, -0.001, -0.001, 1.002, 0.000, 0.000, 0.000, 0.038, 0.000, -110.385, -19.092, -7.075, -22.200, 31.75,,,,,,,,,,,, 0.57080, 0.00018, -0.00031, -0.82104,
 12:57:51.284,COM3,, 0.000, 0.000, 1.000, 0.000, 0.000, 0.000, 0.038, 0.000, -110.385, -19.125, -7.042, -22.308, 32.00,,,,,,,,,,,, 0.57080, 0.00018, -0.00031, -0.82104,
 12:57:51.284,COM3,, 0.001, 0.000, 1.004, 0.000, 0.000, 0.000, 0.038, 0.000, -110.385, -19.150, -7.042, -22.325, 31.68,,,,,,,,,,,, 0.57080, 0.00018, -0.00031, -0.82104,
 12:57:51.300,COM3,, 0.001, 0.000, 1.003, 0.000, 0.000, 0.000, 0.038, 0.000, -110.385, -19.117, -7.067, -22.250, 31.68,,,,,,,,,,,, 0.57080, 0.00018, -0.00031, -0.82104,
 12:57:51.316,COM3,, -0.002, -0.001, 0.998, 0.000, 0.000, 0.000, 0.038, 0.000, -110.385, -19.092, -7.083, -22.225, 31.68,,,,,,,,,,,, 0.57080, 0.00015, -0.00031, -0.82104,
 12:57:51.316,COM3,, 0.000, 0.001, 0.998, 0.000, 0.000, 0.000, 0.038, 0.000, -110.385, -19.100, -7.075, -22.200, 31.94,,,,,,,,,,,, 0.57080, 0.00015, -0.00031, -0.82104,
 12:57:51.332,COM3,, 0.000, 0.000, 0.999, 0.000, 0.000, 0.000, 0.038, 0.000, -110.385, -19.117, -7.067, -22.175, 31.68,,,,,,,,,,,, 0.57080, 0.00015, -0.00031, -0.82104,
 12:57:51.348,COM3,, 0.000, 0.000, 0.999, 0.000, 0.000, 0.000, 0.038, 0.000, -110.385, -19.117, -7.075, -22.158, 31.62,,,,,,,,,,,, 0.57080, 0.00015, -0.00031, -0.82104,
 12:57:51.348,COM3,, -0.001, 0.000, 0.999, 0.000, 0.000, 0.000, 0.038, 0.000, -110.385, -19.083, -7.092, -22.108, 31.87,,,,,,,,,,,, 0.57080, 0.00015, -0.00031, -0.82104,
 12:57:51.364,COM3,, -0.001, -0.003, 1.000, 0.000, 0.000, 0.000, 0.038, 0.000, -110.385, -19.033, -7.075, -22.075, 31.94,,,,,,,,,,,, 0.57080, 0.00015, -0.00031, -0.82104,
 12:57:51.364,COM3,, 0.000, 0.000, 1.002, 0.000, 0.000, 0.000, 0.038, 0.000, -110.385, -19.017, -7.058, -22.108, 31.68,,,,,,,,,,,, 0.57080, 0.00015, -0.00031, -0.82104,
 12:57:51.380,COM3,, -0.002, 0.001, 1.004, 0.000, 0.000, 0.000, 0.038, 0.000, -110.385, -19.033, -7.075, -22.133, 31.62,,,,,,,,,,,, 0.57080, 0.00015, -0.00031, -0.82104,
 12:57:51.395,COM3,, 0.000, 0.001, 1.002, 0.000, 0.000, 0.000, 0.038, 0.000, -110.385, -19.033, -7.083, -22.117, 31.68,,,,,,,,,,,, 0.57080, 0.00015, -0.00031, -0.82104,
 12:57:51.395,COM3,, -0.001, 0.000, 1.001, 0.000, 0.000, 0.000, 0.038, 0.000, -110.385, -19.042, -7.058, -22.100, 31.94,,,,,,,,,,,, 0.57080, 0.00015, -0.00031, -0.82104,
 12:57:51.411,COM3,, 0.001, -0.001, 0.999, 0.000, 0.000, 0.000, 0.038, 0.000, -110.385, -19.067, -7.050, -22.108, 31.75,,,,,,,,,,,, 0.57080, 0.00015, -0.00031, -0.82104,
 12:57:51.426,COM3,, -0.001, 0.000, 0.998, 0.000, 0.000, 0.000, 0.038, 0.000, -110.385, -19.083, -7.042, -22.117, 31.68,,,,,,,,,,,, 0.57080, 0.00015, -0.00031, -0.82104,
 12:57:51.426,COM3,, 0.003, 0.001, 0.998, 0.000, 0.000, 0.000, 0.038, 0.000, -110.385, -19.092, -7.042, -22.117, 31.56,,,,,,,,,,,, 0.57080, 0.00015, -0.00031, -0.82104,
 12:57:51.442,COM3,, 0.000, 0.000, 1.001, 0.000, 0.000, 0.000, 0.038, 0.000, -110.385, -19.117, -7.042, -22.100, 31.94,,,,,,,,,,,, 0.57080, 0.00015, -0.00031, -0.82104,
 12:57:51.458,COM3,, 0.000, 0.001, 0.997, 0.000, 0.000, 0.000, 0.038, 0.000, -110.385, -19.125, -7.050, -22.067, 31.68,,,,,,,,,,,, 0.57080, 0.00015, -0.00031, -0.82104,
 12:57:51.458,COM3,, 0.001, 0.003, 1.001, 0.000, 0.000, 0.000, 0.038, 0.000, -110.385, -19.117, -7.025, -22.050, 31.94,,,,,,,,,,,, 0.57080, 0.00015, -0.00031, -0.82104,
 12:57:51.474,COM3,, -0.001, 0.001, 1.000, 0.000, 0.000, 0.000, 0.038, 0.000, -110.385, -19.117, -7.025, -22.033, 31.68,,,,,,,,,,,, 0.57080, 0.00015, -0.00031, -0.82104,
 12:57:51.474,COM3,, 0.000, 0.000, 1.000, 0.000, 0.000, 0.000, 0.038, 0.000, -110.385, -19.108, -7.058, -22.025, 32.06,,,,,,,,,,,, 0.57080, 0.00015, -0.00031, -0.82104,
 12:57:51.489,COM3,, -0.002, -0.001, 1.002, 0.000, 0.000, 0.000, 0.038, 0.000, -110.385, -19.050, -7.075, -22.033, 32.06,,,,,,,,,,,, 0.57080, 0.00015, -0.00031, -0.82104,
 12:57:51.505,COM3,, -0.001, 0.000, 1.001, 0.000, 0.000, 0.000, 0.038, 0.000, -110.385, -19.000, -7.067, -22.042, 31.87,,,,,,,,,,,, 0.57080, 0.00015, -0.00031, -0.82104,
 12:57:51.505,COM3,, 0.000, -0.001, 0.999, 0.000, 0.000, 0.000, 0.038, 0.000, -110.385, -19.000, -7.050, -22.108, 32.06,,,,,,,,,,,, 0.57080, 0.00015, -0.00031, -0.82104,
 12:57:51.521,COM3,, 0.000, 0.000, 1.000, 0.000, 0.000, 0.000, 0.038, 0.000, -110.385, -19.000, -7.058, -22.200, 31.62,,,,,,,,,,,, 0.57080, 0.00015, -0.00031, -0.82104,
 12:57:51.536,COM3,, 0.001, -0.001, 0.996, 0.000, 0.000, 0.000, 0.038, 0.000, -110.385, -19.025, -7.067, -22.217, 31.94,,,,,,,,,,,, 0.57080, 0.00015, -0.00031, -0.82104,
 12:57:51.536,COM3,, 0.002, 0.000, 0.996, 0.000, 0.000, 0.000, 0.038, 0.000, -110.385, -19.033, -7.042, -22.167, 31.87,,,,,,,,,,,, 0.57080, 0.00015, -0.00031, -0.82104,
 12:57:51.552,COM3,, -0.002, -0.002, 1.001, 0.000, 0.000, 0.000, 0.038, 0.000, -110.385, -18.992, -7.017, -22.133, 31.94,,,,,,,,,,,, 0.57080, 0.00015, -0.00031, -0.82104,
 12:57:51.568,COM3,, 0.002, 0.001, 0.997, 0.000, 0.000, 0.000, 0.038, 0.000, -110.385, -18.975, -7.008, -22.125, 31.62,,,,,,,,,,,, 0.57080, 0.00015, -0.00031, -0.82104,
 12:57:51.568,COM3,, 0.000, 0.002, 0.999, 0.000, 0.000, 0.000, 0.038, 0.000, -110.385, -18.967, -7.042, -22.133, 31.94,,,,,,,,,,,, 0.57080, 0.00015, -0.00031, -0.82104,
 12:57:51.584,COM3,, -0.001, 0.003, 0.999, 0.000, 0.000, 0.000, 0.038, 0.000, -110.385, -18.983, -7.083, -22.150, 31.68,,,,,,,,,,,, 0.57080, 0.00015, -0.00031, -0.82104,
 12:57:51.584,COM3,, -0.001, 0.000, 1.001, 0.000, 0.000, 0.000, 0.038, 0.000, -110.385, -19.025, -7.100, -22.058, 31.94,,,,,,,,,,,, 0.57080, 0.00015, -0.00031, -0.82104,
 12:57:51.600,COM3,, 0.001, 0.000, 1.006, 0.000, 0.000, 0.000, 0.038, 0.000, -110.385, -19.067, -7.083, -22.025, 31.68,,,,,,,,,,,, 0.57080, 0.00015, -0.00031, -0.82104,
 12:57:51.615,COM3,, -0.001, 0.001, 1.001, 0.000, 0.000, 0.000, 0.038, 0.000, -110.385, -19.100, -7.058, -22.067, 31.75,,,,,,,,,,,, 0.57080, 0.00015, -0.00031, -0.82104,
 12:57:51.615,COM3,, 0.002, 0.001, 1.001, 0.000, 0.000, 0.000, 0.038, 0.000, -110.385, -19.100, -7.042, -22.125, 32.06,,,,,,,,,,,, 0.57080, 0.00015, -0.00031, -0.82104,
 12:57:51.631,COM3,, 0.000, 0.000, 1.000, 0.000, 0.000, 0.000, 0.038, 0.000, -110.385, -19.117, -7.042, -22.158, 31.87,,,,,,,,,,,, 0.57080, 0.00015, -0.00031, -0.82104,
 12:57:51.647,COM3,, 0.000, 0.001, 0.999, 0.000, 0.000, 0.000, 0.038, 0.000, -110.385, -19.175, -7.025, -22.158, 31.94,,,,,,,,,,,, 0.57080, 0.00015, -0.00031, -0.82104,
 12:57:51.647,COM3,, -0.001, 0.001, 0.998, 0.000, 0.000, 0.000, 0.038, 0.000, -110.385, -19.208, -7.025, -22.125, 31.56,,,,,,,,,,,, 0.57080, 0.00015, -0.00031, -0.82104,
 12:57:51.663,COM3,, 0.000, 0.000, 1.003, 0.000, 0.000, 0.000, 0.038, 0.000, -110.385, -19.192, -7.075, -22.108, 31.68,,,,,,,,,,,, 0.57080, 0.00015, -0.00031, -0.82104,
 12:57:51.663,COM3,, -0.001, 0.000, 1.001, 0.000, 0.000, 0.000, 0.038, 0.000, -110.385, -19.150, -7.125, -22.108, 31.87,,,,,,,,,,,, 0.57080, 0.00015, -0.00031, -0.82104,
 12:57:51.679,COM3,, -0.001, 0.001, 0.999, 0.000, 0.000, 0.000, 0.038, 0.000, -110.385, -19.142, -7.117, -22.117, 31.87,,,,,,,,,,,, 0.57080, 0.00015, -0.00031, -0.82104,
 12:57:51.695,COM3,, -0.001, 0.001, 1.002, 0.000, 0.000, 0.000, 0.038, 0.000, -110.385, -19.150, -7.100, -22.092, 31.87,,,,,,,,,,,, 0.57080, 0.00015, -0.00031, -0.82104,
 12:57:51.695,COM3,, 0.000, -0.001, 1.003, 0.000, 0.000, 0.000, 0.038, 0.000, -110.385, -19.133, -7.092, -22.075, 32.00,,,,,,,,,,,, 0.57080, 0.00015, -0.00031, -0.82104,
 12:57:51.711,COM3,, 0.001, 0.000, 1.004, 0.000, 0.000, 0.000, 0.038, 0.000, -110.385, -19.067, -7.075, -22.067, 32.06,,,,,,,,,,,, 0.57080, 0.00015, -0.00031, -0.82104,
 12:57:51.726,COM3,, -0.002, 0.002, 1.001, 0.000, 0.000, 0.000, 0.038, 0.000, -110.385, -19.008, -7.067, -22.008, 32.12,,,,,,,,,,,, 0.57080, 0.00015, -0.00031, -0.82104,
 12:57:51.726,COM3,, 0.000, 0.001, 0.999, 0.000, 0.000, 0.000, 0.038, 0.000, -110.385, -19.000, -7.083, -22.017, 31.75,,,,,,,,,,,, 0.57080, 0.00015, -0.00031, -0.82104,
 12:57:51.743,COM3,, 0.000, 0.003, 0.999, 0.000, 0.000, 0.000, 0.038, 0.000, -110.385, -18.992, -7.108, -22.033, 31.87,,,,,,,,,,,, 0.57080, 0.00015, -0.00031, -0.82104,
 12:57:51.758,COM3,, 0.001, 0.003, 0.999, 0.000, 0.000, 0.000, 0.038, 0.000, -110.385, -18.983, -7.075, -21.958, 31.75,,,,,,,,,,,, 0.57080, 0.00015, -0.00031, -0.82104,
 12:57:51.758,COM3,, 0.000, 0.002, 1.000, 0.000, 0.000, 0.000, 0.038, 0.000, -110.385, -18.983, -7.042, -21.942, 31.94,,,,,,,,,,,, 0.57080, 0.00015, -0.00031, -0.82104,
 12:57:51.774,COM3,, -0.001, 0.000, 1.000, 0.000, 0.000, 0.000, 0.038, 0.000, -110.385, -18.983, -7.033, -22.000, 31.62,,,,,,,,,,,, 0.57080, 0.00015, -0.00031, -0.82104,
 12:57:51.774,COM3,, -0.001, 0.000, 0.998, 0.000, 0.000, 0.000, 0.038, 0.000, -110.385, -18.958, -7.067, -22.025, 31.94,,,,,,,,,,,, 0.57080, 0.00015, -0.00031, -0.82104,
 12:57:51.790,COM3,, 0.000, 0.000, 1.002, 0.000, 0.000, 0.000, 0.038, 0.000, -110.385, -18.942, -7.075, -21.983, 31.56,,,,,,,,,,,, 0.57080, 0.00015, -0.00031, -0.82104,
 12:57:51.805,COM3,, -0.002, 0.001, 1.002, 0.000, 0.000, 0.000, 0.038, 0.000, -110.385, -18.942, -7.083, -21.975, 31.68,,,,,,,,,,,, 0.57080, 0.00015, -0.00031, -0.82104,
 12:57:51.805,COM3,, 0.001, 0.000, 1.002, 0.000, 0.000, 0.000, 0.038, 0.000, -110.385, -18.967, -7.108, -22.033, 31.68,,,,,,,,,,,, 0.57080, 0.00015, -0.00031, -0.82104,
 12:57:51.821,COM3,, 0.000, -0.001, 1.000, 0.000, 0.000, 0.000, 0.038, 0.000, -110.385, -19.008, -7.133, -22.042, 31.94,,,,,,,,,,,, 0.57080, 0.00015, -0.00031, -0.82104,
 12:57:51.837,COM3,, 0.000, 0.002, 0.997, 0.000, 0.000, 0.000, 0.038, 0.000, -110.385, -19.017, -7.158, -22.075, 31.94,,,,,,,,,,,, 0.57080, 0.00015, -0.00031, -0.82104,
 12:57:51.837,COM3,, 0.003, 0.002, 0.999, 0.000, 0.000, 0.000, 0.038, 0.000, -110.385, -19.008, -7.158, -22.117, 31.94,,,,,,,,,,,, 0.57080, 0.00015, -0.00031, -0.82104,
 12:57:51.852,COM3,, 0.000, 0.002, 0.999, 0.000, 0.000, 0.000, 0.038, 0.000, -110.385, -19.008, -7.175, -22.117, 31.94,,,,,,,,,,,, 0.57080, 0.00015, -0.00031, -0.82104,
 12:57:51.868,COM3,, -0.001, 0.000, 1.000, 0.000, 0.000, 0.000, 0.038, 0.000, -110.385, -19.008, -7.183, -22.125, 31.94,,,,,,,,,,,, 0.57080, 0.00015, -0.00031, -0.82104,
 12:57:51.868,COM3,, 0.001, 0.002, 1.001, 0.000, 0.000, 0.000, 0.038, 0.000, -110.385, -19.017, -7.200, -22.142, 31.94,,,,,,,,,,,, 0.57080, 0.00015, -0.00031, -0.82104,
 12:57:51.884,COM3,, 0.000, 0.001, 0.999, 0.000, 0.000, 0.000, 0.038, 0.000, -110.385, -19.017, -7.192, -22.100, 31.68,,,,,,,,,,,, 0.57080, 0.00015, -0.00031, -0.82104,
 12:57:51.884,COM3,, 0.000, 0.000, 1.000, 0.000, 0.000, 0.000, 0.038, 0.000, -110.385, -18.983, -7.208, -22.075, 31.75,,,,,,,,,,,, 0.57080, 0.00015, -0.00031, -0.82104,
 12:57:51.900,COM3,, 0.000, 0.000, 1.000, 0.000, 0.000, 0.000, 0.038, 0.000, -110.385, -18.983, -7.233, -22.050, 31.75,,,,,,,,,,,, 0.57080, 0.00015, -0.00031, -0.82104,
 12:57:51.916,COM3,, 0.001, 0.001, 1.000, 0.000, 0.000, 0.000, 0.038, 0.000, -110.385, -18.983, -7.217, -22.000, 31.75,,,,,,,,,,,, 0.57080, 0.00015, -0.00031, -0.82104,
 12:57:51.916,COM3,, 0.000, 0.001, 1.000, 0.000, 0.000, 0.000, 0.038, 0.000, -110.385, -18.975, -7.208, -21.992, 31.75,,,,,,,,,,,, 0.57080, 0.00015, -0.00031, -0.82104,
 12:57:51.932,COM3,, 0.000, 0.001, 0.998, 0.000, 0.000, 0.000, 0.038, 0.000, -110.385, -18.950, -7.250, -21.983, 31.68,,,,,,,,,,,, 0.57080, 0.00015, -0.00031, -0.82104,
 12:57:51.948,COM3,, 0.000, 0.000, 0.997, 0.000, 0.000, 0.000, 0.038, 0.000, -110.385, -18.967, -7.250, -21.983, 31.94,,,,,,,,,,,, 0.57080, 0.00015, -0.00031, -0.82104,
 12:57:51.948,COM3,, 0.000, 0.001, 0.996, 0.000, 0.000, 0.000, 0.038, 0.000, -110.385, -18.975, -7.233, -22.017, 31.75,,,,,,,,,,,, 0.57080, 0.00015, -0.00031, -0.82104,
 12:57:51.964,COM3,, 0.002, 0.002, 0.999, 0.000, 0.000, 0.000, 0.038, 0.000, -110.385, -19.000, -7.242, -22.058, 31.94,,,,,,,,,,,, 0.57080, 0.00015, -0.00031, -0.82104,
 12:57:51.964,COM3,, 0.000, 0.000, 0.998, 0.000, 0.000, 0.000, 0.038, 0.000, -110.385, -19.025, -7.267, -22.042, 31.62,,,,,,,,,,,, 0.57080, 0.00015, -0.00031, -0.82104,
 12:57:51.980,COM3,, 0.000, 0.000, 0.999, 0.000, 0.000, 0.000, 0.038, 0.000, -110.385, -19.050, -7.258, -22.042, 31.87,,,,,,,,,,,, 0.57080, 0.00015, -0.00031, -0.82104,
 12:57:51.995,COM3,, 0.000, 0.001, 1.000, 0.000, 0.000, 0.000, 0.038, 0.000, -110.385, -19.092, -7.250, -22.075, 31.56,,,,,,,,,,,, 0.57080, 0.00015, -0.00031, -0.82104,
 12:57:51.995,COM3,, 0.000, 0.000, 0.999, 0.000, 0.000, 0.000, 0.038, 0.000, -110.385, -19.092, -7.225, -22.092, 31.94,,,,,,,,,,,, 0.57080, 0.00015, -0.00031, -0.82104,
 12:57:52.011,COM3,, -0.002, 0.000, 1.000, 0.000, 0.000, 0.000, 0.038, 0.000, -110.385, -19.075, -7.167, -22.092, 31.94,,,,,,,,,,,, 0.57080, 0.00015, -0.00031, -0.82104,
 12:57:52.027,COM3,, 0.000, 0.000, 1.000, 0.000, 0.000, 0.000, 0.038, 0.000, -110.385, -19.125, -7.100, -22.058, 31.87,,,,,,,,,,,, 0.57080, 0.00015, -0.00031, -0.82104,
 12:57:52.027,COM3,, 0.001, 0.000, 1.002, 0.000, 0.000, 0.000, 0.038, 0.000, -110.385, -19.192, -7.075, -22.083, 31.68,,,,,,,,,,,, 0.57080, 0.00015, -0.00031, -0.82104,
 12:57:52.043,COM3,, -0.001, 0.002, 0.998, 0.000, 0.000, 0.000, 0.038, 0.000, -110.385, -19.208, -7.083, -22.108, 32.06,,,,,,,,,,,, 0.57080, 0.00015, -0.00031, -0.82104,
 12:57:52.043,COM3,, -0.001, 0.001, 0.998, 0.000, 0.000, 0.000, 0.038, 0.000, -110.385, -19.183, -7.108, -22.100, 31.62,,,,,,,,,,,, 0.57080, 0.00015, -0.00031, -0.82104,
 12:57:52.059,COM3,, 0.001, 0.000, 0.999, 0.000, 0.000, 0.000, 0.038, 0.000, -110.385, -19.108, -7.150, -22.083, 31.94,,,,,,,,,,,, 0.57080, 0.00015, -0.00031, -0.82104,
 12:57:52.074,COM3,, 0.000, 0.000, 0.996, 0.000, 0.000, 0.000, 0.038, 0.000, -110.385, -19.050, -7.150, -22.050, 31.62,,,,,,,,,,,, 0.57080, 0.00015, -0.00031, -0.82104,
 12:57:52.074,COM3,, 0.000, 0.001, 0.999, 0.000, 0.000, 0.000, 0.038, 0.000, -110.385, -19.067, -7.142, -22.083, 31.94,,,,,,,,,,,, 0.57080, 0.00015, -0.00031, -0.82104,
 12:57:52.090,COM3,, 0.000, 0.000, 1.000, 0.000, 0.000, 0.000, 0.038, 0.000, -110.385, -19.083, -7.133, -22.133, 31.87,,,,,,,,,,,, 0.57080, 0.00015, -0.00031, -0.82104,
 12:57:52.106,COM3,, 0.000, 0.001, 0.999, 0.000, 0.000, 0.000, 0.038, -0.005, -110.385, -19.083, -7.108, -22.150, 31.62,,,,,,,,,,,, 0.57080, 0.00015, -0.00031, -0.82104,
 12:57:52.106,COM3,, 0.001, 0.000, 1.000, 0.000, 0.000, 0.000, 0.038, -0.005, -110.385, -19.058, -7.142, -22.217, 31.87,,,,,,,,,,,, 0.57080, 0.00015, -0.00031, -0.82104,
 12:57:52.122,COM3,, 0.000, -0.002, 0.998, 0.000, 0.000, 0.000, 0.038, -0.005, -110.385, -19.075, -7.208, -22.208, 31.68,,,,,,,,,,,, 0.57080, 0.00015, -0.00031, -0.82104,
 12:57:52.137,COM3,, 0.000, 0.000, 1.004, 0.000, 0.000, 0.000, 0.038, -0.005, -110.385, -19.117, -7.250, -22.250, 31.75,,,,,,,,,,,, 0.57080, 0.00015, -0.00031, -0.82104,
 12:57:52.137,COM3,, 0.000, 0.001, 1.001, 0.000, 0.000, 0.000, 0.038, -0.005, -110.385, -19.192, -7.233, -22.325, 31.87,,,,,,,,,,,, 0.57080, 0.00015, -0.00031, -0.82104,
 12:57:52.153,COM3,, 0.000, 0.002, 1.000, 0.000, 0.000, 0.000, 0.038, -0.005, -110.385, -19.233, -7.200, -22.358, 31.68,,,,,,,,,,,, 0.57080, 0.00015, -0.00031, -0.82104,
 12:57:52.153,COM3,, 0.002, 0.000, 0.997, 0.000, 0.000, 0.000, 0.038, -0.005, -110.385, -19.208, -7.208, -22.308, 32.00,,,,,,,,,,,, 0.57080, 0.00015, -0.00031, -0.82104,
 12:57:52.168,COM3,, 0.001, 0.002, 0.999, 0.000, 0.000, 0.000, 0.038, -0.005, -110.385, -19.175, -7.192, -22.242, 31.68,,,,,,,,,,,, 0.57080, 0.00015, -0.00031, -0.82104,
 12:57:52.184,COM3,, 0.000, 0.001, 0.996, 0.000, 0.000, 0.000, 0.038, -0.005, -110.385, -19.150, -7.158, -22.133, 31.56,,,,,,,,,,,, 0.57080, 0.00015, -0.00031, -0.82104,
 12:57:52.184,COM3,, 0.000, 0.001, 1.000, 0.000, 0.000, 0.000, 0.038, -0.005, -110.385, -19.142, -7.142, -22.133, 31.87,,,,,,,,,,,, 0.57080, 0.00015, -0.00031, -0.82104,
 12:57:52.200,COM3,, 0.001, 0.000, 1.003, 0.000, 0.000, 0.000, 0.038, -0.005, -110.385, -19.125, -7.175, -22.158, 31.68,,,,,,,,,,,, 0.57080, 0.00015, -0.00031, -0.82104,
 12:57:52.216,COM3,, 0.000, -0.002, 1.002, 0.000, 0.000, 0.000, 0.038, -0.005, -110.385, -19.100, -7.192, -22.108, 31.68,,,,,,,,,,,, 0.57080, 0.00015, -0.00031, -0.82104,
 12:57:52.216,COM3,, 0.000, 0.000, 0.998, 0.000, 0.000, 0.000, 0.038, -0.005, -110.385, -19.067, -7.200, -22.083, 31.75,,,,,,,,,,,, 0.57080, 0.00015, -0.00031, -0.82104,
 12:57:52.232,COM3,, -0.001, 0.002, 0.999, 0.000, 0.000, 0.000, 0.038, -0.005, -110.385, -19.042, -7.200, -22.133, 32.00,,,,,,,,,,,, 0.57080, 0.00015, -0.00031, -0.82104,
 12:57:52.232,COM3,, 0.001, 0.002, 1.000, 0.000, 0.000, 0.000, 0.038, -0.005, -110.385, -19.017, -7.192, -22.192, 31.75,,,,,,,,,,,, 0.57080, 0.00015, -0.00031, -0.82104,
 12:57:52.248,COM3,, 0.000, 0.000, 1.000, 0.000, 0.000, 0.000, 0.038, -0.005, -110.385, -19.042, -7.167, -22.242, 31.75,,,,,,,,,,,, 0.57080, 0.00015, -0.00031, -0.82104,
 12:57:52.264,COM3,, 0.001, 0.000, 1.000, 0.000, 0.000, 0.000, 0.038, -0.005, -110.385, -19.092, -7.150, -22.275, 31.68,,,,,,,,,,,, 0.57080, 0.00015, -0.00031, -0.82104,
 12:57:52.264,COM3,, 0.002, -0.002, 1.001, 0.000, 0.000, 0.000, 0.038, -0.005, -110.385, -19.083, -7.167, -22.258, 31.56,,,,,,,,,,,, 0.57080, 0.00015, -0.00031, -0.82104,
 12:57:52.280,COM3,, 0.002, 0.001, 1.002, 0.000, 0.000, 0.000, 0.038, -0.005, -110.385, -19.042, -7.167, -22.225, 31.68,,,,,,,,,,,, 0.57080, 0.00015, -0.00031, -0.82104,
 12:57:52.295,COM3,, 0.001, 0.001, 0.999, 0.000, 0.000, 0.000, 0.038, -0.005, -110.385, -19.050, -7.150, -22.208, 31.94,,,,,,,,,,,, 0.57080, 0.00015, -0.00031, -0.82104,
 12:57:52.295,COM3,, -0.001, 0.000, 1.003, 0.000, 0.000, 0.000, 0.038, -0.005, -110.385, -19.058, -7.142, -22.217, 31.94,,,,,,,,,,,, 0.57080, 0.00015, -0.00031, -0.82104,
 12:57:52.311,COM3,, 0.000, 0.001, 1.000, 0.000, 0.000, 0.000, 0.038, -0.005, -110.385, -19.075, -7.133, -22.192, 31.68,,,,,,,,,,,, 0.57080, 0.00012, -0.00031, -0.82104,
 12:57:52.327,COM3,, 0.002, 0.002, 1.000, 0.000, 0.000, 0.000, 0.038, -0.005, -110.385, -19.083, -7.158, -22.125, 31.75,,,,,,,,,,,, 0.57080, 0.00012, -0.00031, -0.82104,
 12:57:52.327,COM3,, 0.000, 0.001, 1.003, 0.000, 0.000, 0.000, 0.038, -0.005, -110.385, -19.075, -7.183, -22.058, 31.68,,,,,,,,,,,, 0.57080, 0.00012, -0.00031, -0.82104,
 12:57:52.343,COM3,, 0.001, 0.000, 1.002, 0.000, 0.000, 0.000, 0.038, -0.005, -110.385, -19.033, -7.208, -22.000, 31.75,,,,,,,,,,,, 0.57080, 0.00012, -0.00031, -0.82104,
 12:57:52.343,COM3,, 0.000, 0.000, 1.003, 0.000, 0.000, 0.000, 0.038, -0.005, -110.385, -18.967, -7.225, -21.958, 32.00,,,,,,,,,,,, 0.57080, 0.00012, -0.00031, -0.82104,
 12:57:52.358,COM3,, 0.000, 0.002, 1.000, 0.000, 0.000, 0.000, 0.038, -0.005, -110.385, -18.867, -7.233, -21.958, 31.68,,,,,,,,,,,, 0.57080, 0.00012, -0.00031, -0.82104,
 12:57:52.374,COM3,, -0.003, -0.002, 1.000, 0.000, 0.000, 0.000, 0.038, -0.005, -110.385, -18.817, -7.200, -22.000, 32.06,,,,,,,,,,,, 0.57080, 0.00012, -0.00031, -0.82104,
 12:57:52.374,COM3,, 0.001, 0.001, 0.997, 0.000, 0.000, 0.000, 0.038, -0.005, -110.385, -18.858, -7.142, -22.017, 31.75,,,,,,,,,,,, 0.57080, 0.00012, -0.00031, -0.82104,
 12:57:52.389,COM3,, 0.000, 0.000, 1.004, 0.000, 0.000, 0.000, 0.038, -0.005, -110.385, -18.908, -7.125, -22.017, 31.75,,,,,,,,,,,, 0.57080, 0.00012, -0.00031, -0.82104,
 12:57:52.405,COM3,, -0.002, 0.001, 0.999, 0.000, 0.000, 0.000, 0.038, -0.005, -110.385, -18.942, -7.150, -22.050, 31.75,,,,,,,,,,,, 0.57080, 0.00012, -0.00031, -0.82104,
 12:57:52.405,COM3,, 0.000, 0.000, 1.001, 0.000, 0.000, 0.000, 0.038, -0.005, -110.385, -18.958, -7.192, -22.108, 31.56,,,,,,,,,,,, 0.57080, 0.00012, -0.00031, -0.82104,
 12:57:52.421,COM3,, 0.000, -0.001, 1.003, 0.000, 0.000, 0.000, 0.038, -0.005, -110.385, -18.975, -7.225, -22.108, 31.94,,,,,,,,,,,, 0.57080, 0.00012, -0.00031, -0.82104,
 12:57:52.437,COM3,, -0.002, 0.000, 1.000, 0.000, 0.000, 0.000, 0.038, -0.005, -110.385, -18.975, -7.225, -22.042, 31.75,,,,,,,,,,,, 0.57080, 0.00012, -0.00031, -0.82104,
 12:57:52.437,COM3,, 0.000, 0.001, 1.000, 0.000, 0.000, 0.000, 0.038, -0.005, -110.385, -18.950, -7.225, -22.033, 31.94,,,,,,,,,,,, 0.57080, 0.00012, -0.00031, -0.82104,
 12:57:52.452,COM3,, 0.000, 0.002, 1.001, 0.000, 0.000, 0.000, 0.038, -0.005, -110.385, -18.942, -7.225, -22.092, 31.75,,,,,,,,,,,, 0.57080, 0.00012, -0.00031, -0.82104,
 12:57:52.452,COM3,, 0.000, 0.002, 1.002, 0.000, 0.000, 0.000, 0.038, -0.005, -110.385, -18.967, -7.208, -22.108, 31.68,,,,,,,,,,,, 0.57080, 0.00012, -0.00031, -0.82104,
 12:57:52.468,COM3,, 0.002, 0.000, 1.001, 0.000, 0.000, 0.000, 0.038, -0.005, -110.385, -19.008, -7.192, -22.058, 32.00,,,,,,,,,,,, 0.57080, 0.00012, -0.00031, -0.82104,
 12:57:52.484,COM3,, 0.001, 0.001, 1.001, 0.000, 0.000, 0.000, 0.038, -0.005, -110.385, -19.042, -7.183, -22.017, 31.94,,,,,,,,,,,, 0.57080, 0.00012, -0.00031, -0.82104,
 12:57:52.484,COM3,, 0.000, 0.001, 1.001, 0.000, 0.000, 0.000, 0.038, -0.005, -110.385, -19.058, -7.208, -21.975, 31.62,,,,,,,,,,,, 0.57080, 0.00012, -0.00031, -0.82104,
 12:57:52.500,COM3,, 0.000, 0.000, 1.002, 0.000, 0.000, 0.000, 0.038, -0.005, -110.385, -19.083, -7.217, -21.925, 31.68,,,,,,,,,,,, 0.57080, 0.00012, -0.00031, -0.82104,
 12:57:52.515,COM3,, -0.001, 0.000, 1.004, 0.000, 0.000, 0.000, 0.038, -0.005, -110.385, -19.108, -7.217, -21.942, 31.87,,,,,,,,,,,, 0.57080, 0.00012, -0.00031, -0.82104,
 12:57:52.515,COM3,, -0.001, 0.000, 1.000, 0.000, 0.000, 0.000, 0.038, -0.005, -110.385, -19.108, -7.225, -21.992, 31.68,,,,,,,,,,,, 0.57080, 0.00012, -0.00031, -0.82104,
 12:57:52.531,COM3,, -0.004, 0.002, 1.003, 0.000, 0.000, 0.000, 0.038, -0.005, -110.385, -19.108, -7.200, -22.008, 31.75,,,,,,,,,,,, 0.57080, 0.00012, -0.00031, -0.82104,
 12:57:52.547,COM3,, -0.001, 0.000, 1.001, 0.000, 0.000, 0.000, 0.038, -0.005, -110.385, -19.117, -7.175, -21.967, 32.00,,,,,,,,,,,, 0.57080, 0.00012, -0.00031, -0.82104,
 12:57:52.547,COM3,, 0.002, 0.000, 1.002, 0.000, 0.000, 0.000, 0.038, -0.005, -110.385, -19.100, -7.158, -21.958, 31.94,,,,,,,,,,,, 0.57080, 0.00012, -0.00031, -0.82104,
 12:57:52.563,COM3,, 0.000, 0.001, 1.001, 0.000, 0.000, 0.000, 0.038, -0.005, -110.385, -19.067, -7.142, -21.942, 31.75,,,,,,,,,,,, 0.57080, 0.00012, -0.00031, -0.82104,
 12:57:52.563,COM3,, 0.001, -0.002, 0.999, 0.000, 0.000, 0.000, 0.038, -0.005, -110.385, -19.033, -7.133, -21.983, 31.75,,,,,,,,,,,, 0.57080, 0.00012, -0.00031, -0.82104,
 12:57:52.579,COM3,, 0.000, 0.000, 1.002, 0.000, 0.000, 0.000, 0.038, -0.005, -110.385, -19.042, -7.183, -22.042, 31.56,,,,,,,,,,,, 0.57080, 0.00012, -0.00031, -0.82104,
 12:57:52.595,COM3,, 0.000, 0.004, 0.999, 0.000, 0.000, 0.000, 0.038, -0.005, -110.385, -19.042, -7.192, -22.058, 31.94,,,,,,,,,,,, 0.57080, 0.00012, -0.00031, -0.82104,
 12:57:52.595,COM3,, 0.001, 0.000, 1.000, 0.000, 0.000, 0.000, 0.038, -0.005, -110.385, -19.050, -7.158, -22.017, 32.00,,,,,,,,,,,, 0.57080, 0.00012, -0.00031, -0.82104,
 12:57:52.611,COM3,, 0.000, 0.000, 0.997, 0.000, 0.000, 0.000, 0.038, -0.005, -110.385, -19.067, -7.150, -21.992, 31.56,,,,,,,,,,,, 0.57080, 0.00012, -0.00031, -0.82104,
 12:57:52.627,COM3,, 0.000, 0.000, 1.000, 0.000, 0.000, 0.000, 0.038, -0.005, -110.385, -19.067, -7.183, -21.967, 31.87,,,,,,,,,,,, 0.57080, 0.00012, -0.00031, -0.82104,
 12:57:52.627,COM3,, 0.001, 0.001, 1.002, 0.000, 0.000, 0.000, 0.038, -0.005, -110.385, -19.075, -7.208, -21.967, 31.75,,,,,,,,,,,, 0.57080, 0.00012, -0.00031, -0.82104,
 12:57:52.643,COM3,, -0.001, 0.000, 0.999, 0.000, 0.000, 0.000, 0.038, -0.005, -110.385, -19.117, -7.208, -22.042, 31.75,,,,,,,,,,,, 0.57080, 0.00012, -0.00031, -0.82104,
 12:57:52.643,COM3,, 0.000, 0.000, 1.002, 0.000, 0.000, 0.000, 0.038, -0.005, -110.385, -19.175, -7.208, -22.117, 32.06,,,,,,,,,,,, 0.57080, 0.00012, -0.00031, -0.82104,
 12:57:52.658,COM3,, 0.002, 0.000, 1.000, 0.000, 0.000, 0.000, 0.038, -0.005, -110.385, -19.217, -7.175, -22.117, 31.87,,,,,,,,,,,, 0.57080, 0.00012, -0.00031, -0.82104,
 12:57:52.674,COM3,, 0.001, 0.000, 1.002, 0.000, 0.000, 0.000, 0.038, -0.005, -110.385, -19.217, -7.133, -22.083, 31.94,,,,,,,,,,,, 0.57080, 0.00012, -0.00031, -0.82104,
 12:57:52.674,COM3,, -0.001, 0.000, 1.003, 0.000, 0.000, 0.000, 0.038, -0.005, -110.385, -19.217, -7.117, -22.075, 31.75,,,,,,,,,,,, 0.57080, 0.00012, -0.00031, -0.82104,
 12:57:52.690,COM3,, 0.001, -0.001, 0.999, 0.000, 0.000, 0.000, 0.038, -0.005, -110.385, -19.208, -7.133, -22.125, 31.75,,,,,,,,,,,, 0.57080, 0.00012, -0.00031, -0.82104,
 12:57:52.706,COM3,, 0.000, 0.003, 1.000, 0.000, 0.000, 0.000, 0.038, -0.005, -110.385, -19.183, -7.158, -22.133, 31.68,,,,,,,,,,,, 0.57080, 0.00012, -0.00031, -0.82104,
 12:57:52.706,COM3,, -0.001, 0.001, 0.999, 0.000, 0.000, 0.000, 0.038, -0.005, -110.385, -19.158, -7.142, -22.108, 31.68,,,,,,,,,,,, 0.57080, 0.00012, -0.00031, -0.82104,
 12:57:52.722,COM3,, 0.001, 0.001, 1.000, 0.000, 0.000, 0.000, 0.038, -0.005, -110.385, -19.125, -7.150, -22.142, 31.94,,,,,,,,,,,, 0.57080, 0.00012, -0.00031, -0.82104,
 12:57:52.722,COM3,, 0.000, 0.001, 0.998, 0.000, 0.000, 0.000, 0.038, -0.005, -110.385, -19.075, -7.167, -22.158, 31.68,,,,,,,,,,,, 0.57080, 0.00012, -0.00031, -0.82104,
 12:57:52.737,COM3,, -0.001, 0.000, 1.001, 0.000, 0.000, 0.000, 0.038, -0.005, -110.385, -19.025, -7.200, -22.142, 31.87,,,,,,,,,,,, 0.57080, 0.00012, -0.00031, -0.82104,
 12:57:52.753,COM3,, 0.000, 0.000, 1.001, 0.000, 0.000, 0.000, 0.038, -0.005, -110.385, -19.000, -7.250, -22.100, 31.94,,,,,,,,,,,, 0.57080, 0.00009, -0.00031, -0.82104,
 12:57:52.753,COM3,, 0.000, 0.000, 1.001, 0.000, 0.000, 0.000, 0.038, -0.005, -110.385, -18.992, -7.250, -22.083, 32.00,,,,,,,,,,,, 0.57080, 0.00009, -0.00031, -0.82104,
 12:57:52.769,COM3,, 0.001, 0.000, 0.997, 0.000, 0.000, 0.000, 0.038, -0.005, -110.385, -19.008, -7.183, -22.058, 31.75,,,,,,,,,,,, 0.57080, 0.00009, -0.00031, -0.82104,
 12:57:52.785,COM3,, 0.000, -0.001, 1.000, 0.000, 0.000, 0.000, 0.038, -0.005, -110.385, -19.008, -7.175, -22.050, 31.94,,,,,,,,,,,, 0.57080, 0.00009, -0.00031, -0.82104,
 12:57:52.785,COM3,, 0.000, -0.001, 1.000, 0.000, 0.000, 0.000, 0.038, -0.005, -110.385, -18.975, -7.200, -22.008, 31.94,,,,,,,,,,,, 0.57080, 0.00009, -0.00031, -0.82104,
 12:57:52.801,COM3,, 0.000, 0.002, 1.000, 0.000, 0.000, 0.000, 0.038, -0.005, -110.385, -18.933, -7.225, -22.000, 31.87,,,,,,,,,,,, 0.57080, 0.00009, -0.00031, -0.82104,
 12:57:52.801,COM3,, 0.002, -0.003, 0.999, 0.000, 0.000, 0.000, 0.038, -0.005, -110.385, -18.908, -7.242, -22.017, 31.87,,,,,,,,,,,, 0.57080, 0.00009, -0.00031, -0.82104,
 12:57:52.816,COM3,, 0.000, 0.000, 0.999, 0.000, 0.000, 0.000, 0.038, -0.005, -110.385, -18.908, -7.283, -22.025, 31.75,,,,,,,,,,,, 0.57080, 0.00009, -0.00031, -0.82104,
 12:57:52.832,COM3,, -0.001, 0.002, 1.001, 0.000, 0.000, 0.000, 0.033, -0.005, -110.385, -18.925, -7.292, -22.017, 31.68,,,,,,,,,,,, 0.57080, 0.00009, -0.00031, -0.82104,
 12:57:52.832,COM3,, 0.000, -0.003, 0.999, 0.000, 0.000, 0.000, 0.033, -0.005, -110.385, -18.950, -7.242, -22.033, 31.75,,,,,,,,,,,, 0.57080, 0.00009, -0.00031, -0.82104,
 12:57:52.848,COM3,, -0.001, -0.001, 1.002, 0.000, 0.000, 0.000, 0.033, -0.005, -110.385, -18.958, -7.192, -22.058, 31.68,,,,,,,,,,,, 0.57080, 0.00009, -0.00031, -0.82104,
 12:57:52.864,COM3,, -0.001, 0.002, 1.000, 0.000, 0.000, 0.000, 0.033, -0.005, -110.385, -18.958, -7.175, -22.033, 31.62,,,,,,,,,,,, 0.57080, 0.00009, -0.00031, -0.82104,
 12:57:52.864,COM3,, 0.000, 0.000, 1.002, 0.000, 0.000, 0.000, 0.033, -0.005, -110.385, -18.950, -7.175, -21.992, 31.75,,,,,,,,,,,, 0.57080, 0.00009, -0.00031, -0.82104,
 12:57:52.879,COM3,, 0.002, -0.003, 0.999, 0.000, 0.000, 0.000, 0.033, -0.005, -110.385, -18.950, -7.167, -21.992, 31.68,,,,,,,,,,,, 0.57080, 0.00009, -0.00031, -0.82104,
 12:57:52.895,COM3,, 0.000, 0.001, 1.000, 0.000, 0.000, 0.000, 0.033, -0.005, -110.385, -18.925, -7.175, -21.992, 31.87,,,,,,,,,,,, 0.57080, 0.00009, -0.00031, -0.82104,
 12:57:52.895,COM3,, 0.000, 0.001, 1.001, 0.000, 0.000, 0.000, 0.033, -0.005, -110.385, -18.917, -7.175, -22.000, 31.87,,,,,,,,,,,, 0.57080, 0.00009, -0.00031, -0.82104,
 12:57:52.911,COM3,, 0.001, 0.000, 0.998, 0.000, 0.000, 0.000, 0.033, -0.005, -110.385, -18.925, -7.167, -22.017, 31.94,,,,,,,,,,,, 0.57080, 0.00009, -0.00031, -0.82104,
 12:57:52.911,COM3,, -0.001, 0.003, 1.003, 0.000, 0.000, 0.000, 0.033, -0.005, -110.385, -18.925, -7.158, -22.083, 31.75,,,,,,,,,,,, 0.57080, 0.00009, -0.00031, -0.82104,
 12:57:52.926,COM3,, 0.001, -0.001, 0.998, 0.000, 0.000, 0.000, 0.033, -0.005, -110.385, -18.908, -7.133, -22.042, 31.62,,,,,,,,,,,, 0.57080, 0.00009, -0.00031, -0.82104,
 12:57:52.941,COM3,, 0.000, 0.000, 0.997, 0.000, 0.000, 0.000, 0.033, -0.005, -110.385, -18.900, -7.100, -21.967, 31.87,,,,,,,,,,,, 0.57080, 0.00009, -0.00031, -0.82104,
 12:57:52.941,COM3,, 0.000, -0.002, 1.000, 0.000, 0.000, 0.000, 0.033, -0.005, -110.385, -18.917, -7.083, -21.917, 31.68,,,,,,,,,,,, 0.57080, 0.00009, -0.00031, -0.82104,
 12:57:52.957,COM3,, -0.001, 0.000, 1.000, 0.000, 0.000, 0.000, 0.033, -0.005, -110.385, -18.917, -7.083, -21.917, 31.68,,,,,,,,,,,, 0.57080, 0.00009, -0.00031, -0.82104,
 12:57:52.973,COM3,, 0.001, 0.002, 1.005, 0.000, 0.000, 0.000, 0.033, -0.005, -110.385, -18.900, -7.092, -21.950, 31.49,,,,,,,,,,,, 0.57080, 0.00009, -0.00031, -0.82104,
 12:57:52.973,COM3,, 0.000, -0.001, 1.001, 0.000, 0.000, 0.000, 0.033, -0.005, -110.385, -18.900, -7.108, -22.000, 31.62,,,,,,,,,,,, 0.57080, 0.00009, -0.00031, -0.82104,
 12:57:52.988,COM3,, 0.001, 0.002, 0.998, 0.000, 0.000, 0.000, 0.033, -0.005, -110.385, -18.967, -7.108, -21.983, 31.68,,,,,,,,,,,, 0.57080, 0.00009, -0.00031, -0.82104,
 12:57:53.004,COM3,, 0.001, 0.000, 1.001, 0.000, 0.000, 0.000, 0.033, -0.005, -110.385, -19.008, -7.100, -21.950, 31.94,,,,,,,,,,,, 0.57080, 0.00009, -0.00027, -0.82104,
 12:57:53.004,COM3,, 0.000, 0.000, 1.002, 0.000, 0.000, 0.000, 0.033, -0.005, -110.385, -19.008, -7.092, -21.950, 32.00,,,,,,,,,,,, 0.57080, 0.00009, -0.00027, -0.82104,
 12:57:53.020,COM3,, 0.003, 0.003, 0.998, 0.000, 0.000, 0.000, 0.033, -0.005, -110.385, -19.008, -7.108, -21.975, 31.68,,,,,,,,,,,, 0.57080, 0.00009, -0.00027, -0.82104,
 12:57:53.036,COM3,, 0.001, 0.003, 0.998, 0.000, 0.000, 0.000, 0.033, -0.005, -110.385, -19.000, -7.100, -21.942, 31.94,,,,,,,,,,,, 0.57080, 0.00009, -0.00027, -0.82104,
 12:57:53.036,COM3,, 0.002, -0.004, 1.000, 0.000, 0.000, 0.000, 0.033, -0.005, -110.385, -18.992, -7.075, -21.917, 31.87,,,,,,,,,,,, 0.57080, 0.00009, -0.00027, -0.82104,
 12:57:53.052,COM3,, 0.003, 0.000, 1.001, 0.000, 0.000, 0.000, 0.033, -0.005, -110.385, -18.983, -7.067, -21.900, 31.94,,,,,,,,,,,, 0.57080, 0.00009, -0.00027, -0.82104,
 12:57:53.052,COM3,, -0.002, -0.001, 1.000, 0.000, 0.000, 0.000, 0.033, -0.005, -110.385, -18.967, -7.100, -21.908, 32.06,,,,,,,,,,,, 0.57080, 0.00009, -0.00027, -0.82104,
 12:57:53.068,COM3,, 0.000, 0.000, 1.000, 0.000, 0.000, 0.000, 0.033, -0.005, -110.385, -18.967, -7.150, -21.958, 31.94,,,,,,,,,,,, 0.57080, 0.00009, -0.00027, -0.82104,
 12:57:53.084,COM3,, 0.000, 0.002, 1.001, 0.000, 0.000, 0.000, 0.033, -0.005, -110.385, -18.958, -7.158, -21.975, 31.87,,,,,,,,,,,, 0.57080, 0.00009, -0.00027, -0.82104,
 12:57:53.084,COM3,, -0.001, 0.001, 0.997, 0.000, 0.000, 0.000, 0.033, -0.005, -110.385, -18.950, -7.142, -21.925, 31.68,,,,,,,,,,,, 0.57080, 0.00009, -0.00027, -0.82104,
 12:57:53.100,COM3,, 0.000, 0.001, 0.999, 0.000, 0.000, 0.000, 0.033, -0.005, -110.385, -18.892, -7.117, -21.883, 31.75,,,,,,,,,,,, 0.57080, 0.00009, -0.00027, -0.82104,
 12:57:53.115,COM3,, 0.002, 0.000, 1.001, 0.000, 0.000, 0.000, 0.033, -0.005, -110.385, -18.825, -7.108, -21.850, 31.87,,,,,,,,,,,, 0.57080, 0.00009, -0.00027, -0.82104,
 12:57:53.115,COM3,, 0.003, 0.003, 0.998, 0.000, 0.000, 0.000, 0.033, -0.005, -110.385, -18.825, -7.142, -21.783, 31.75,,,,,,,,,,,, 0.57080, 0.00009, -0.00027, -0.82104,
 12:57:53.131,COM3,, 0.002, 0.003, 1.002, 0.000, 0.000, 0.000, 0.033, -0.005, -110.385, -18.875, -7.150, -21.767, 31.94,,,,,,,,,,,, 0.57080, 0.00009, -0.00027, -0.82104,
 12:57:53.131,COM3,, -0.001, 0.000, 1.000, 0.000, 0.000, 0.000, 0.033, -0.005, -110.385, -18.933, -7.125, -21.850, 31.68,,,,,,,,,,,, 0.57080, 0.00009, -0.00027, -0.82104,
 12:57:53.147,COM3,, 0.000, 0.001, 0.998, 0.000, 0.000, 0.000, 0.033, -0.005, -110.385, -18.983, -7.133, -21.933, 31.94,,,,,,,,,,,, 0.57080, 0.00009, -0.00031, -0.82104,
 12:57:53.162,COM3,, 0.000, -0.001, 1.001, 0.000, 0.000, 0.000, 0.033, -0.005, -110.385, -18.958, -7.183, -22.000, 31.62,,,,,,,,,,,, 0.57080, 0.00009, -0.00031, -0.82104,
 12:57:53.162,COM3,, 0.000, 0.001, 1.003, 0.000, 0.000, 0.000, 0.033, -0.005, -110.385, -18.917, -7.217, -21.967, 31.87,,,,,,,,,,,, 0.57080, 0.00009, -0.00031, -0.82104,
 12:57:53.178,COM3,, 0.000, -0.001, 1.001, 0.000, 0.000, 0.000, 0.033, -0.005, -110.385, -18.900, -7.217, -21.917, 31.94,,,,,,,,,,,, 0.57080, 0.00009, -0.00031, -0.82104,
 12:57:53.194,COM3,, 0.001, 0.001, 1.001, 0.000, 0.000, 0.000, 0.033, -0.005, -110.385, -18.908, -7.217, -21.933, 31.94,,,,,,,,,,,, 0.57080, 0.00009, -0.00031, -0.82104,
 12:57:53.194,COM3,, 0.000, 0.000, 0.999, 0.000, 0.000, 0.000, 0.033, -0.005, -110.385, -18.925, -7.217, -21.992, 31.68,,,,,,,,,,,, 0.57080, 0.00009, -0.00031, -0.82104,
 12:57:53.209,COM3,, 0.000, 0.001, 0.999, 0.000, 0.000, 0.000, 0.033, -0.005, -110.385, -18.933, -7.200, -21.983, 32.00,,,,,,,,,,,, 0.57080, 0.00009, -0.00031, -0.82104,
 12:57:53.224,COM3,, 0.001, 0.002, 0.999, 0.000, 0.000, 0.000, 0.033, -0.005, -110.385, -18.933, -7.192, -21.958, 32.00,,,,,,,,,,,, 0.57080, 0.00009, -0.00031, -0.82104,
 12:57:53.224,COM3,, 0.000, 0.000, 1.000, 0.000, 0.000, 0.000, 0.033, -0.005, -110.385, -18.908, -7.175, -22.000, 31.68,,,,,,,,,,,, 0.57080, 0.00009, -0.00031, -0.82104,
 12:57:53.241,COM3,, 0.000, 0.001, 1.000, 0.000, 0.000, 0.000, 0.033, -0.005, -110.385, -18.917, -7.158, -22.050, 31.94,,,,,,,,,,,, 0.57080, 0.00009, -0.00031, -0.82104,
 12:57:53.241,COM3,, 0.000, 0.003, 1.002, 0.000, 0.000, 0.000, 0.033, -0.005, -110.385, -18.925, -7.167, -22.083, 31.68,,,,,,,,,,,, 0.57080, 0.00009, -0.00031, -0.82104,
 12:57:53.257,COM3,, -0.001, -0.001, 0.998, 0.000, 0.000, 0.000, 0.033, -0.005, -110.385, -18.900, -7.167, -22.067, 31.94,,,,,,,,,,,, 0.57080, 0.00009, -0.00031, -0.82104,
 12:57:53.273,COM3,, 0.000, 0.000, 1.000, 0.000, 0.000, 0.000, 0.033, -0.005, -110.385, -18.883, -7.167, -22.025, 31.87,,,,,,,,,,,, 0.57080, 0.00009, -0.00031, -0.82104,
 12:57:53.273,COM3,, -0.001, -0.002, 1.001, 0.000, 0.000, 0.000, 0.033, -0.005, -110.385, -18.900, -7.183, -21.992, 32.12,,,,,,,,,,,, 0.57080, 0.00009, -0.00031, -0.82104,
 12:57:53.288,COM3,, 0.000, 0.000, 1.000, 0.000, 0.000, 0.000, 0.033, -0.005, -110.385, -18.917, -7.208, -21.992, 31.87,,,,,,,,,,,, 0.57080, 0.00009, -0.00031, -0.82104,
 12:57:53.304,COM3,, -0.001, 0.000, 1.002, 0.000, 0.000, 0.000, 0.033, -0.005, -110.385, -18.908, -7.233, -22.025, 31.94,,,,,,,,,,,, 0.57080, 0.00009, -0.00031, -0.82104,
 12:57:53.304,COM3,, 0.000, -0.001, 1.000, 0.000, 0.000, 0.000, 0.033, -0.005, -110.385, -18.925, -7.208, -22.042, 31.68,,,,,,,,,,,, 0.57080, 0.00009, -0.00031, -0.82104,
 12:57:53.320,COM3,, 0.000, 0.001, 1.001, 0.000, 0.000, 0.000, 0.033, -0.005, -110.385, -18.950, -7.175, -22.033, 31.68,,,,,,,,,,,, 0.57080, 0.00009, -0.00031, -0.82104,
 12:57:53.320,COM3,, 0.001, 0.000, 0.996, 0.000, 0.000, 0.000, 0.033, -0.005, -110.385, -18.925, -7.150, -22.025, 31.68,,,,,,,,,,,, 0.57080, 0.00009, -0.00031, -0.82104,
 12:57:53.336,COM3,, 0.004, 0.002, 0.998, 0.000, 0.000, 0.000, 0.033, -0.005, -110.385, -18.892, -7.125, -22.033, 31.94,,,,,,,,,,,, 0.57080, 0.00009, -0.00031, -0.82104,
 12:57:53.351,COM3,, 0.000, 0.001, 1.000, 0.000, 0.000, 0.000, 0.033, -0.005, -110.385, -18.850, -7.158, -22.025, 31.94,,,,,,,,,,,, 0.57080, 0.00009, -0.00027, -0.82104,
 12:57:53.351,COM3,, 0.001, 0.001, 1.000, 0.000, 0.000, 0.000, 0.033, -0.005, -110.385, -18.833, -7.167, -22.025, 31.68,,,,,,,,,,,, 0.57080, 0.00009, -0.00027, -0.82104,
 12:57:53.367,COM3,, 0.000, 0.002, 0.999, 0.000, 0.000, 0.000, 0.033, -0.011, -110.385, -18.833, -7.150, -22.075, 31.75,,,,,,,,,,,, 0.57080, 0.00009, -0.00027, -0.82104,
 12:57:53.383,COM3,, -0.002, 0.000, 1.002, 0.000, 0.000, 0.000, 0.033, -0.011, -110.385, -18.875, -7.100, -22.083, 31.68,,,,,,,,,,,, 0.57080, 0.00009, -0.00027, -0.82104,
 12:57:53.383,COM3,, 0.000, 0.001, 1.003, 0.000, 0.000, 0.000, 0.033, -0.011, -110.385, -18.908, -7.100, -22.075, 31.68,,,,,,,,,,,, 0.57080, 0.00006, -0.00027, -0.82104,
 12:57:53.398,COM3,, 0.002, 0.003, 1.002, 0.000, 0.000, 0.000, 0.033, -0.011, -110.385, -18.933, -7.142, -22.075, 31.56,,,,,,,,,,,, 0.57080, 0.00006, -0.00027, -0.82104,
 12:57:53.413,COM3,, 0.002, 0.000, 1.003, 0.000, 0.000, 0.000, 0.033, -0.011, -110.385, -18.950, -7.167, -22.150, 31.94,,,,,,,,,,,, 0.57080, 0.00006, -0.00027, -0.82104,
 12:57:53.413,COM3,, 0.002, 0.001, 0.998, 0.000, 0.000, 0.000, 0.033, -0.011, -110.385, -18.933, -7.167, -22.217, 31.87,,,,,,,,,,,, 0.57080, 0.00006, -0.00027, -0.82104,
 12:57:53.430,COM3,, 0.003, 0.000, 0.997, 0.000, 0.000, 0.000, 0.033, -0.011, -110.385, -18.917, -7.175, -22.217, 31.75,,,,,,,,,,,, 0.57080, 0.00006, -0.00027, -0.82104,
 12:57:53.445,COM3,, 0.000, 0.000, 1.002, 0.000, 0.000, 0.000, 0.033, -0.011, -110.385, -18.917, -7.200, -22.167, 31.62,,,,,,,,,,,, 0.57080, 0.00006, -0.00027, -0.82104,
 12:57:53.445,COM3,, -0.001, 0.000, 1.001, 0.000, 0.000, 0.000, 0.033, -0.011, -110.385, -18.950, -7.217, -22.100, 31.68,,,,,,,,,,,, 0.57080, 0.00006, -0.00027, -0.82104,
 12:57:53.461,COM3,, 0.000, 0.001, 1.000, 0.000, 0.000, 0.000, 0.033, -0.011, -110.385, -18.975, -7.217, -22.050, 31.75,,,,,,,,,,,, 0.57080, 0.00006, -0.00027, -0.82104,
 12:57:53.461,COM3,, 0.001, 0.001, 1.000, 0.000, 0.000, 0.000, 0.033, -0.011, -110.385, -18.992, -7.225, -22.050, 31.68,,,,,,,,,,,, 0.57080, 0.00006, -0.00031, -0.82104,
 12:57:53.477,COM3,, -0.001, 0.000, 1.002, 0.000, 0.000, 0.000, 0.033, -0.011, -110.385, -19.017, -7.233, -22.050, 31.94,,,,,,,,,,,, 0.57080, 0.00006, -0.00031, -0.82104,
 12:57:53.493,COM3,, 0.000, 0.001, 1.002, 0.000, 0.000, 0.000, 0.033, -0.011, -110.385, -19.017, -7.242, -22.017, 31.94,,,,,,,,,,,, 0.57080, 0.00006, -0.00031, -0.82104,
 12:57:53.493,COM3,, 0.001, -0.001, 1.003, 0.000, 0.000, 0.000, 0.033, -0.011, -110.385, -18.992, -7.242, -22.033, 31.49,,,,,,,,,,,, 0.57080, 0.00006, -0.00031, -0.82104,
 12:57:53.508,COM3,, 0.001, 0.000, 1.000, 0.000, 0.000, 0.000, 0.033, -0.011, -110.385, -18.983, -7.217, -22.075, 31.68,,,,,,,,,,,, 0.57080, 0.00006, -0.00031, -0.82104,
 12:57:53.524,COM3,, 0.002, -0.001, 0.999, 0.000, 0.000, 0.000, 0.033, -0.011, -110.385, -19.008, -7.217, -22.042, 31.75,,,,,,,,,,,, 0.57080, 0.00006, -0.00031, -0.82104,
 12:57:53.524,COM3,, 0.000, 0.002, 1.002, 0.000, 0.000, 0.000, 0.033, -0.011, -110.385, -19.058, -7.242, -22.008, 31.87,,,,,,,,,,,, 0.57080, 0.00006, -0.00031, -0.82104,
 12:57:53.540,COM3,, 0.000, 0.000, 0.998, 0.000, 0.000, 0.000, 0.033, -0.011, -110.385, -19.075, -7.258, -22.025, 32.12,,,,,,,,,,,, 0.57080, 0.00006, -0.00031, -0.82104,
 12:57:53.540,COM3,, 0.000, 0.001, 1.001, 0.000, 0.000, 0.000, 0.033, -0.011, -110.385, -19.067, -7.233, -22.058, 31.94,,,,,,,,,,,, 0.57080, 0.00006, -0.00031, -0.82104,
 12:57:53.556,COM3,, 0.001, 0.002, 0.999, 0.000, 0.000, 0.000, 0.033, -0.011, -110.385, -19.092, -7.200, -22.167, 31.75,,,,,,,,,,,, 0.57080, 0.00006, -0.00031, -0.82104,
 12:57:53.571,COM3,, 0.002, 0.001, 0.999, 0.000, 0.000, 0.000, 0.033, -0.011, -110.385, -19.117, -7.175, -22.158, 31.94,,,,,,,,,,,, 0.57080, 0.00006, -0.00031, -0.82104,
 12:57:53.571,COM3,, 0.001, 0.000, 1.003, 0.000, 0.000, 0.000, 0.033, -0.011, -110.385, -19.108, -7.183, -22.075, 31.94,,,,,,,,,,,, 0.57080, 0.00006, -0.00031, -0.82104,
 12:57:53.586,COM3,, 0.000, 0.001, 1.003, 0.000, 0.000, 0.000, 0.033, -0.011, -110.385, -19.058, -7.217, -22.033, 32.00,,,,,,,,,,,, 0.57080, 0.00006, -0.00031, -0.82104,
 12:57:53.602,COM3,, 0.001, 0.000, 1.003, 0.000, 0.000, 0.000, 0.033, -0.011, -110.385, -19.042, -7.233, -22.075, 31.68,,,,,,,,,,,, 0.57080, 0.00006, -0.00031, -0.82104,
 12:57:53.602,COM3,, 0.001, 0.000, 1.002, 0.000, 0.000, 0.000, 0.033, -0.011, -110.385, -19.042, -7.217, -22.133, 31.94,,,,,,,,,,,, 0.57080, 0.00006, -0.00031, -0.82104,
 12:57:53.619,COM3,, -0.001, 0.001, 1.001, 0.000, 0.000, 0.000, 0.033, -0.011, -110.385, -19.058, -7.217, -22.183, 31.62,,,,,,,,,,,, 0.57080, 0.00006, -0.00031, -0.82104,
 12:57:53.634,COM3,, 0.000, 0.002, 0.998, 0.000, 0.000, 0.000, 0.033, -0.011, -110.385, -19.083, -7.200, -22.242, 31.75,,,,,,,,,,,, 0.57080, 0.00006, -0.00031, -0.82104,
 12:57:53.634,COM3,, 0.001, 0.000, 0.996, 0.000, 0.000, 0.000, 0.033, -0.011, -110.385, -19.125, -7.158, -22.333, 31.75,,,,,,,,,,,, 0.57080, 0.00006, -0.00031, -0.82104,
 12:57:53.650,COM3,, 0.002, 0.000, 1.000, 0.000, 0.000, 0.000, 0.033, -0.011, -110.385, -19.150, -7.108, -22.350, 31.75,,,,,,,,,,,, 0.57080, 0.00006, -0.00031, -0.82104,
 12:57:53.650,COM3,, 0.000, 0.000, 1.000, 0.000, 0.000, 0.000, 0.033, -0.011, -110.385, -19.150, -7.067, -22.325, 31.87,,,,,,,,,,,, 0.57080, 0.00006, -0.00031, -0.82104,
 12:57:53.666,COM3,, 0.000, 0.001, 0.998, 0.000, 0.000, 0.000, 0.033, -0.011, -110.385, -19.100, -7.067, -22.250, 31.68,,,,,,,,,,,, 0.57080, 0.00006, -0.00031, -0.82104,
 12:57:53.681,COM3,, 0.000, 0.001, 1.003, 0.000, 0.000, 0.000, 0.033, -0.011, -110.385, -19.067, -7.075, -22.192, 31.75,,,,,,,,,,,, 0.57080, 0.00006, -0.00031, -0.82104,
 12:57:53.681,COM3,, 0.000, 0.001, 1.000, 0.000, 0.000, 0.000, 0.033, -0.011, -110.385, -19.042, -7.108, -22.167, 31.94,,,,,,,,,,,, 0.57080, 0.00006, -0.00031, -0.82104,
 12:57:53.697,COM3,, 0.000, 0.000, 1.003, 0.000, 0.000, 0.000, 0.033, -0.011, -110.385, -19.067, -7.150, -22.175, 32.06,,,,,,,,,,,, 0.57080, 0.00006, -0.00031, -0.82104,
 12:57:53.713,COM3,, -0.001, 0.001, 1.003, 0.000, 0.000, 0.000, 0.033, -0.011, -110.385, -19.050, -7.183, -22.167, 31.87,,,,,,,,,,,, 0.57080, 0.00006, -0.00031, -0.82104,
 12:57:53.713,COM3,, 0.000, 0.000, 1.002, 0.000, 0.000, 0.000, 0.033, -0.011, -110.385, -19.050, -7.192, -22.142, 31.75,,,,,,,,,,,, 0.57080, 0.00006, -0.00031, -0.82104,
 12:57:53.728,COM3,, 0.000, 0.000, 1.000, 0.000, 0.000, 0.000, 0.033, -0.011, -110.385, -19.033, -7.158, -22.133, 31.94,,,,,,,,,,,, 0.57080, 0.00006, -0.00031, -0.82104,
 12:57:53.744,COM3,, -0.001, -0.001, 1.000, 0.000, 0.000, 0.000, 0.033, -0.011, -110.385, -19.000, -7.142, -22.083, 31.68,,,,,,,,,,,, 0.57080, 0.00006, -0.00031, -0.82104,
 12:57:53.744,COM3,, 0.000, 0.003, 1.002, 0.000, 0.000, 0.000, 0.033, -0.011, -110.385, -18.958, -7.142, -22.025, 31.68,,,,,,,,,,,, 0.57080, 0.00006, -0.00031, -0.82104,
 12:57:53.760,COM3,, 0.000, 0.001, 0.998, 0.000, 0.000, 0.000, 0.033, -0.011, -110.385, -18.925, -7.150, -22.042, 31.62,,,,,,,,,,,, 0.57080, 0.00006, -0.00031, -0.82104,
 12:57:53.760,COM3,, 0.001, 0.000, 1.000, 0.000, 0.000, 0.000, 0.033, -0.011, -110.385, -18.900, -7.150, -22.008, 31.75,,,,,,,,,,,, 0.57080, 0.00006, -0.00031, -0.82104,
 12:57:53.775,COM3,, 0.003, 0.001, 1.000, 0.000, 0.000, 0.000, 0.033, -0.011, -110.385, -18.908, -7.192, -22.000, 31.68,,,,,,,,,,,, 0.57080, 0.00009, -0.00031, -0.82104,
 12:57:53.792,COM3,, 0.000, -0.001, 0.999, 0.000, 0.000, 0.000, 0.033, -0.011, -110.385, -18.917, -7.233, -22.017, 31.75,,,,,,,,,,,, 0.57080, 0.00009, -0.00031, -0.82104,
 12:57:53.792,COM3,, 0.000, 0.000, 1.001, 0.000, 0.000, 0.000, 0.033, -0.011, -110.385, -18.883, -7.258, -22.033, 31.94,,,,,,,,,,,, 0.57080, 0.00009, -0.00031, -0.82104,
 12:57:53.807,COM3,, 0.000, 0.000, 1.001, 0.000, 0.000, 0.000, 0.033, -0.011, -110.385, -18.850, -7.258, -22.025, 31.94,,,,,,,,,,,, 0.57080, 0.00009, -0.00031, -0.82104,
 12:57:53.823,COM3,, 0.001, 0.000, 1.001, 0.000, 0.000, 0.000, 0.033, -0.011, -110.385, -18.825, -7.275, -22.025, 31.75,,,,,,,,,,,, 0.57080, 0.00009, -0.00031, -0.82104,
 12:57:53.823,COM3,, 0.002, -0.002, 0.999, 0.000, 0.000, 0.000, 0.033, -0.011, -110.385, -18.850, -7.233, -22.000, 31.87,,,,,,,,,,,, 0.57080, 0.00009, -0.00031, -0.82104,
 12:57:53.839,COM3,, -0.001, -0.001, 0.997, 0.000, 0.000, 0.000, 0.033, -0.011, -110.385, -18.900, -7.192, -21.958, 31.94,,,,,,,,,,,, 0.57080, 0.00009, -0.00031, -0.82104,
 12:57:53.855,COM3,, 0.001, -0.001, 1.001, 0.000, 0.000, 0.000, 0.033, -0.011, -110.385, -18.900, -7.175, -21.933, 31.68,,,,,,,,,,,, 0.57080, 0.00006, -0.00031, -0.82104,
 12:57:53.855,COM3,, 0.004, 0.001, 0.998, 0.000, 0.000, 0.000, 0.033, -0.011, -110.385, -18.917, -7.158, -21.892, 31.87,,,,,,,,,,,, 0.57080, 0.00006, -0.00031, -0.82104,
 12:57:53.871,COM3,, 0.001, 0.000, 1.001, 0.000, 0.000, 0.000, 0.033, -0.011, -110.385, -18.958, -7.117, -21.892, 31.94,,,,,,,,,,,, 0.57080, 0.00006, -0.00031, -0.82104,
 12:57:53.871,COM3,, 0.000, 0.000, 0.996, 0.000, 0.000, 0.000, 0.033, -0.011, -110.385, -19.000, -7.083, -21.908, 31.75,,,,,,,,,,,, 0.57080, 0.00006, -0.00031, -0.82104,
 12:57:53.887,COM3,, 0.001, 0.002, 1.000, 0.000, 0.000, 0.000, 0.033, -0.011, -110.385, -18.975, -7.117, -21.950, 31.87,,,,,,,,,,,, 0.57080, 0.00006, -0.00031, -0.82104,
 12:57:53.903,COM3,, 0.000, 0.001, 1.002, 0.000, 0.000, 0.000, 0.033, -0.011, -110.385, -18.917, -7.183, -21.992, 31.62,,,,,,,,,,,, 0.57080, 0.00006, -0.00031, -0.82104,
 12:57:53.903,COM3,, -0.003, 0.000, 1.000, 0.000, 0.000, 0.000, 0.033, -0.011, -110.385, -18.908, -7.258, -22.025, 32.00,,,,,,,,,,,, 0.57080, 0.00006, -0.00031, -0.82104,
 12:57:53.918,COM3,, -0.001, 0.001, 1.000, 0.000, 0.000, 0.000, 0.033, -0.011, -110.385, -18.917, -7.275, -21.992, 31.87,,,,,,,,,,,, 0.57080, 0.00006, -0.00031, -0.82104,
 12:57:53.934,COM3,, 0.000, -0.001, 1.002, 0.000, 0.000, 0.000, 0.033, -0.011, -110.385, -18.867, -7.250, -21.933, 31.87,,,,,,,,,,,, 0.57080, 0.00006, -0.00031, -0.82104,
 12:57:53.934,COM3,, 0.000, 0.000, 0.999, 0.000, 0.000, 0.000, 0.033, -0.011, -110.385, -18.825, -7.225, -21.917, 31.62,,,,,,,,,,,, 0.57080, 0.00006, -0.00031, -0.82104,
 12:57:53.951,COM3,, 0.000, 0.000, 0.999, 0.000, 0.000, 0.000, 0.033, -0.011, -110.385, -18.833, -7.200, -21.917, 31.94,,,,,,,,,,,, 0.57080, 0.00006, -0.00031, -0.82104,
 12:57:53.951,COM3,, 0.000, 0.000, 0.997, 0.000, 0.000, 0.000, 0.033, -0.011, -110.385, -18.842, -7.175, -21.967, 31.87,,,,,,,,,,,, 0.57080, 0.00006, -0.00031, -0.82104,
 12:57:53.966,COM3,, 0.000, 0.000, 0.998, 0.000, 0.000, 0.000, 0.033, -0.011, -110.385, -18.875, -7.183, -22.017, 31.87,,,,,,,,,,,, 0.57080, 0.00006, -0.00031, -0.82104,
 12:57:53.983,COM3,, -0.001, 0.002, 1.002, 0.000, 0.000, 0.000, 0.033, -0.011, -110.385, -18.925, -7.192, -22.067, 31.94,,,,,,,,,,,, 0.57080, 0.00006, -0.00031, -0.82104,
 12:57:53.983,COM3,, 0.001, 0.000, 1.000, 0.000, 0.000, 0.000, 0.033, -0.011, -110.385, -18.933, -7.183, -22.075, 31.75,,,,,,,,,,,, 0.57080, 0.00006, -0.00031, -0.82104,
 12:57:53.998,COM3,, 0.001, 0.000, 1.001, 0.000, 0.000, 0.000, 0.033, -0.011, -110.385, -18.942, -7.158, -21.983, 31.87,,,,,,,,,,,, 0.57080, 0.00006, -0.00031, -0.82104,
 12:57:54.014,COM3,, 0.000, -0.001, 1.001, 0.000, 0.000, 0.000, 0.033, -0.011, -110.385, -18.950, -7.133, -21.925, 31.87,,,,,,,,,,,, 0.57080, 0.00006, -0.00031, -0.82104,
 12:57:54.022,COM3,, -0.001, 0.000, 1.001, 0.000, 0.000, 0.000, 0.033, -0.011, -110.385, -18.908, -7.133, -21.933, 31.68,,,,,,,,,,,, 0.57080, 0.00006, -0.00031, -0.82104,
 12:57:54.022,COM3,, 0.003, 0.001, 1.002, 0.000, 0.000, 0.000, 0.033, -0.011, -110.385, -18.867, -7.158, -21.950, 31.62,,,,,,,,,,,, 0.57080, 0.00006, -0.00031, -0.82104,
 12:57:54.030,COM3,, 0.000, 0.001, 1.000, 0.000, 0.000, 0.000, 0.033, -0.011, -110.385, -18.858, -7.142, -21.950, 31.62,,,,,,,,,,,, 0.57080, 0.00006, -0.00031, -0.82104,
 12:57:54.046,COM3,, -0.001, 0.001, 1.000, 0.000, 0.000, 0.000, 0.033, -0.011, -110.385, -18.858, -7.117, -22.042, 31.75,,,,,,,,,,,, 0.57080, 0.00006, -0.00031, -0.82104,
 12:57:54.061,COM3,, 0.000, 0.000, 1.000, 0.000, 0.000, 0.000, 0.033, -0.011, -110.385, -18.850, -7.083, -22.092, 31.75,,,,,,,,,,,, 0.57080, 0.00006, -0.00031, -0.82104,
 12:57:54.061,COM3,, 0.000, 0.000, 0.999, 0.000, 0.000, 0.000, 0.033, -0.011, -110.385, -18.817, -7.075, -22.083, 31.68,,,,,,,,,,,, 0.57080, 0.00006, -0.00031, -0.82104,
 12:57:54.077,COM3,, 0.000, 0.000, 1.000, 0.000, 0.000, 0.000, 0.033, -0.011, -110.385, -18.808, -7.083, -22.075, 31.94,,,,,,,,,,,, 0.57080, 0.00006, -0.00031, -0.82104,
 12:57:54.092,COM3,, 0.001, 0.001, 1.000, 0.000, 0.000, 0.000, 0.033, -0.011, -110.385, -18.850, -7.092, -22.092, 31.87,,,,,,,,,,,, 0.57080, 0.00006, -0.00031, -0.82104,
 12:57:54.092,COM3,, 0.001, 0.000, 0.997, 0.000, 0.000, 0.000, 0.033, -0.011, -110.385, -18.900, -7.150, -22.117, 31.94,,,,,,,,,,,, 0.57080, 0.00006, -0.00031, -0.82104,
 12:57:54.107,COM3,, 0.000, 0.000, 1.000, 0.000, 0.000, 0.000, 0.033, -0.011, -110.385, -18.925, -7.167, -22.117, 31.94,,,,,,,,,,,, 0.57080, 0.00006, -0.00031, -0.82104,
 12:57:54.123,COM3,, 0.000, 0.000, 1.000, 0.000, 0.000, 0.000, 0.033, -0.011, -110.385, -18.933, -7.150, -22.125, 31.62,,,,,,,,,,,, 0.57080, 0.00006, -0.00031, -0.82104,
 12:57:54.123,COM3,, -0.002, 0.000, 1.000, 0.000, 0.000, 0.000, 0.033, -0.011, -110.385, -18.950, -7.133, -22.150, 31.87,,,,,,,,,,,, 0.57080, 0.00006, -0.00031, -0.82104,
 12:57:54.139,COM3,, 0.000, -0.001, 1.000, 0.000, 0.000, 0.000, 0.033, -0.011, -110.385, -19.025, -7.133, -22.192, 31.68,,,,,,,,,,,, 0.57080, 0.00006, -0.00031, -0.82104,
 12:57:54.139,COM3,, 0.000, 0.000, 1.002, 0.000, 0.000, 0.000, 0.033, -0.011, -110.385, -19.067, -7.192, -22.225, 31.87,,,,,,,,,,,, 0.57080, 0.00006, -0.00031, -0.82104,
 12:57:54.156,COM3,, 0.001, -0.001, 0.999, 0.000, 0.000, 0.000, 0.033, -0.011, -110.385, -19.033, -7.258, -22.208, 32.00,,,,,,,,,,,, 0.57080, 0.00006, -0.00031, -0.82104,
 12:57:54.171,COM3,, 0.000, -0.001, 1.000, 0.000, 0.000, 0.000, 0.033, -0.011, -110.385, -19.017, -7.258, -22.183, 32.06,,,,,,,,,,,, 0.57080, 0.00006, -0.00031, -0.82104,
 12:57:54.171,COM3,, 0.002, 0.004, 0.999, 0.000, 0.000, 0.000, 0.033, -0.011, -110.385, -18.992, -7.258, -22.183, 31.68,,,,,,,,,,,, 0.57080, 0.00006, -0.00031, -0.82104,
 12:57:54.186,COM3,, 0.002, 0.001, 1.000, 0.000, 0.000, 0.000, 0.033, -0.011, -110.385, -18.958, -7.267, -22.183, 31.75,,,,,,,,,,,, 0.57080, 0.00006, -0.00031, -0.82104,
 12:57:54.201,COM3,, 0.001, 0.000, 1.000, 0.000, 0.000, 0.000, 0.033, -0.011, -110.385, -18.908, -7.275, -22.183, 31.75,,,,,,,,,,,, 0.57080, 0.00006, -0.00031, -0.82104,
 12:57:54.201,COM3,, -0.001, 0.000, 1.000, 0.000, 0.000, 0.000, 0.033, -0.011, -110.385, -18.917, -7.267, -22.133, 32.00,,,,,,,,,,,, 0.57080, 0.00006, -0.00031, -0.82104,
 12:57:54.217,COM3,, -0.001, 0.000, 1.000, 0.000, 0.000, 0.000, 0.033, -0.011, -110.385, -18.967, -7.258, -22.050, 32.12,,,,,,,,,,,, 0.57080, 0.00006, -0.00031, -0.82104,
 12:57:54.233,COM3,, 0.000, 0.000, 1.000, 0.000, 0.000, 0.000, 0.033, -0.011, -110.385, -19.008, -7.250, -22.067, 31.56,,,,,,,,,,,, 0.57080, 0.00006, -0.00031, -0.82104,
 12:57:54.233,COM3,, 0.000, 0.000, 1.000, 0.000, 0.000, 0.000, 0.033, -0.011, -110.385, -19.050, -7.242, -22.092, 31.62,,,,,,,,,,,, 0.57080, 0.00006, -0.00031, -0.82104,
 12:57:54.248,COM3,, 0.001, 0.000, 1.001, 0.000, 0.000, 0.000, 0.033, -0.011, -110.385, -19.067, -7.233, -22.100, 31.94,,,,,,,,,,,, 0.57080, 0.00006, -0.00031, -0.82104,
 12:57:54.264,COM3,, 0.000, 0.002, 1.001, 0.000, 0.000, 0.000, 0.033, -0.011, -110.385, -19.108, -7.233, -22.117, 31.87,,,,,,,,,,,, 0.57080, 0.00006, -0.00031, -0.82104,
 12:57:54.264,COM3,, 0.000, 0.002, 0.997, 0.000, 0.000, 0.000, 0.033, -0.011, -110.385, -19.117, -7.208, -22.158, 31.75,,,,,,,,,,,, 0.57080, 0.00006, -0.00031, -0.82104,
 12:57:54.279,COM3,, 0.002, 0.002, 0.998, 0.000, 0.000, 0.000, 0.033, -0.011, -110.385, -19.108, -7.200, -22.133, 31.75,,,,,,,,,,,, 0.57080, 0.00006, -0.00031, -0.82104,
 12:57:54.279,COM3,, 0.000, 0.003, 1.000, 0.000, 0.000, 0.000, 0.033, -0.011, -110.385, -19.075, -7.217, -22.083, 31.68,,,,,,,,,,,, 0.57080, 0.00006, -0.00031, -0.82104,
 12:57:54.294,COM3,, -0.001, 0.001, 1.000, 0.000, 0.000, 0.000, 0.033, -0.011, -110.385, -19.033, -7.250, -22.083, 31.87,,,,,,,,,,,, 0.57080, 0.00006, -0.00031, -0.82104,
 12:57:54.310,COM3,, 0.000, 0.000, 1.000, 0.000, 0.000, 0.000, 0.033, -0.011, -110.385, -18.983, -7.258, -22.100, 31.62,,,,,,,,,,,, 0.57080, 0.00006, -0.00031, -0.82104,
 12:57:54.310,COM3,, 0.000, 0.000, 0.998, 0.000, 0.000, 0.000, 0.033, -0.011, -110.385, -18.950, -7.217, -22.108, 31.94,,,,,,,,,,,, 0.57080, 0.00006, -0.00031, -0.82104,
 12:57:54.326,COM3,, 0.001, 0.000, 1.001, 0.000, 0.000, 0.000, 0.033, -0.011, -110.385, -18.917, -7.167, -22.117, 31.75,,,,,,,,,,,, 0.57080, 0.00006, -0.00031, -0.82104,
 12:57:54.342,COM3,, 0.000, 0.000, 1.002, 0.000, 0.000, 0.000, 0.033, -0.011, -110.385, -18.908, -7.183, -22.133, 31.94,,,,,,,,,,,, 0.57080, 0.00006, -0.00031, -0.82104,
 12:57:54.342,COM3,, 0.000, -0.001, 1.001, 0.000, 0.000, 0.000, 0.033, -0.011, -110.385, -18.933, -7.225, -22.133, 32.06,,,,,,,,,,,, 0.57080, 0.00006, -0.00031, -0.82104,
 12:57:54.358,COM3,, -0.001, 0.001, 1.002, 0.000, 0.000, 0.000, 0.033, -0.011, -110.385, -19.000, -7.233, -22.117, 31.94,,,,,,,,,,,, 0.57080, 0.00006, -0.00031, -0.82104,
 12:57:54.374,COM3,, 0.000, 0.000, 1.000, 0.000, 0.000, 0.000, 0.033, -0.011, -110.385, -19.025, -7.242, -22.133, 31.75,,,,,,,,,,,, 0.57080, 0.00006, -0.00031, -0.82104,
 12:57:54.374,COM3,, 0.000, 0.003, 0.998, 0.000, 0.000, 0.000, 0.033, -0.011, -110.385, -19.017, -7.250, -22.133, 31.56,,,,,,,,,,,, 0.57080, 0.00006, -0.00031, -0.82104,
 12:57:54.390,COM3,, -0.001, 0.001, 0.999, 0.000, 0.000, 0.000, 0.033, -0.011, -110.385, -19.000, -7.208, -22.133, 31.87,,,,,,,,,,,, 0.57080, 0.00006, -0.00031, -0.82104,
 12:57:54.390,COM3,, 0.000, 0.003, 1.001, 0.000, 0.000, 0.000, 0.033, -0.011, -110.385, -19.008, -7.167, -22.208, 31.75,,,,,,,,,,,, 0.57080, 0.00006, -0.00031, -0.82104,
 12:57:54.406,COM3,, -0.003, 0.002, 0.996, 0.000, 0.000, 0.000, 0.033, -0.011, -110.385, -19.000, -7.167, -22.242, 31.94,,,,,,,,,,,, 0.57080, 0.00009, -0.00031, -0.82104,
 12:57:54.422,COM3,, 0.000, 0.000, 1.000, 0.000, 0.000, 0.000, 0.033, -0.011, -110.385, -18.983, -7.183, -22.200, 32.06,,,,,,,,,,,, 0.57080, 0.00009, -0.00031, -0.82104,
 12:57:54.422,COM3,, 0.001, 0.000, 1.000, 0.000, 0.000, 0.000, 0.033, -0.011, -110.385, -18.967, -7.208, -22.167, 31.68,,,,,,,,,,,, 0.57080, 0.00009, -0.00031, -0.82104,
 12:57:54.437,COM3,, -0.001, 0.001, 1.000, 0.000, 0.000, 0.000, 0.033, -0.011, -110.385, -18.958, -7.192, -22.167, 31.68,,,,,,,,,,,, 0.57080, 0.00009, -0.00031, -0.82104,
 12:57:54.453,COM3,, 0.000, 0.002, 1.004, 0.000, 0.000, 0.000, 0.033, -0.011, -110.385, -18.967, -7.142, -22.125, 31.87,,,,,,,,,,,, 0.57080, 0.00009, -0.00031, -0.82104,
 12:57:54.453,COM3,, 0.000, 0.000, 1.000, 0.000, 0.000, 0.000, 0.033, -0.011, -110.385, -18.950, -7.100, -22.100, 31.68,,,,,,,,,,,, 0.57080, 0.00009, -0.00031, -0.82104,
 12:57:54.468,COM3,, -0.001, -0.001, 1.001, 0.000, 0.000, 0.000, 0.033, -0.011, -110.385, -18.900, -7.058, -22.100, 31.62,,,,,,,,,,,, 0.57080, 0.00009, -0.00031, -0.82104,
 12:57:54.468,COM3,, 0.001, -0.001, 1.000, 0.000, 0.000, 0.000, 0.033, -0.011, -110.385, -18.892, -7.042, -22.092, 31.94,,,,,,,,,,,, 0.57080, 0.00009, -0.00031, -0.82104,
 12:57:54.483,COM3,, 0.000, 0.003, 1.002, 0.000, 0.000, 0.000, 0.033, -0.011, -110.385, -18.900, -7.042, -22.075, 32.06,,,,,,,,,,,, 0.57080, 0.00009, -0.00031, -0.82104,
 12:57:54.500,COM3,, 0.000, 0.002, 0.998, 0.000, 0.000, 0.000, 0.033, -0.011, -110.385, -18.908, -7.033, -22.075, 31.68,,,,,,,,,,,, 0.57080, 0.00009, -0.00031, -0.82104,
 12:57:54.500,COM3,, 0.002, 0.000, 0.998, 0.000, 0.000, 0.000, 0.033, -0.011, -110.385, -18.933, -7.025, -22.042, 31.62,,,,,,,,,,,, 0.57080, 0.00009, -0.00031, -0.82104,
 12:57:54.515,COM3,, 0.001, 0.001, 0.999, 0.000, 0.000, 0.000, 0.033, -0.011, -110.385, -18.942, -7.042, -21.983, 31.68,,,,,,,,,,,, 0.57080, 0.00009, -0.00031, -0.82104,
 12:57:54.531,COM3,, 0.001, -0.001, 1.003, 0.000, 0.000, 0.000, 0.033, -0.011, -110.385, -18.925, -7.067, -21.983, 31.75,,,,,,,,,,,, 0.57080, 0.00009, -0.00031, -0.82104,
 12:57:54.531,COM3,, -0.001, 0.000, 1.000, 0.000, 0.000, 0.000, 0.033, -0.011, -110.385, -18.925, -7.067, -21.992, 31.68,,,,,,,,,,,, 0.57080, 0.00009, -0.00031, -0.82104,
 12:57:54.547,COM3,, 0.000, -0.002, 1.003, 0.000, 0.000, 0.000, 0.033, -0.011, -110.385, -18.942, -7.092, -22.000, 31.75,,,,,,,,,,,, 0.57080, 0.00009, -0.00031, -0.82104,
 12:57:54.562,COM3,, 0.000, 0.001, 1.001, 0.000, 0.000, 0.000, 0.033, -0.011, -110.385, -18.942, -7.100, -22.033, 31.94,,,,,,,,,,,, 0.57080, 0.00009, -0.00031, -0.82104,
 12:57:54.562,COM3,, 0.000, 0.000, 1.002, 0.000, 0.000, 0.000, 0.033, -0.011, -110.385, -18.933, -7.083, -22.033, 31.75,,,,,,,,,,,, 0.57080, 0.00009, -0.00031, -0.82104,
 12:57:54.578,COM3,, -0.001, 0.000, 1.000, 0.000, 0.000, 0.000, 0.033, -0.011, -110.385, -18.933, -7.108, -22.042, 31.68,,,,,,,,,,,, 0.57080, 0.00009, -0.00031, -0.82104,
 12:57:54.578,COM3,, 0.001, -0.001, 0.998, 0.000, 0.000, 0.000, 0.033, -0.005, -110.385, -18.892, -7.133, -21.992, 31.87,,,,,,,,,,,, 0.57080, 0.00009, -0.00031, -0.82104,
 12:57:54.594,COM3,, -0.001, 0.002, 0.999, 0.000, 0.000, 0.000, 0.033, -0.005, -110.385, -18.858, -7.158, -21.908, 31.56,,,,,,,,,,,, 0.57080, 0.00009, -0.00031, -0.82104,
 12:57:54.610,COM3,, 0.000, 0.001, 0.999, 0.000, 0.000, 0.000, 0.033, -0.005, -110.385, -18.833, -7.183, -21.842, 31.94,,,,,,,,,,,, 0.57080, 0.00009, -0.00031, -0.82104,
 12:57:54.610,COM3,, -0.001, 0.001, 0.999, 0.000, 0.000, 0.000, 0.033, -0.005, -110.385, -18.817, -7.192, -21.875, 31.87,,,,,,,,,,,, 0.57080, 0.00009, -0.00031, -0.82104,
 12:57:54.625,COM3,, -0.001, 0.001, 1.000, 0.000, 0.000, 0.000, 0.033, -0.005, -110.385, -18.817, -7.158, -21.917, 31.94,,,,,,,,,,,, 0.57080, 0.00009, -0.00031, -0.82104,
 12:57:54.640,COM3,, 0.001, 0.000, 1.001, 0.000, 0.000, 0.000, 0.033, -0.005, -110.385, -18.842, -7.108, -21.992, 31.87,,,,,,,,,,,, 0.57080, 0.00009, -0.00031, -0.82104,
 12:57:54.640,COM3,, 0.000, 0.002, 0.999, 0.000, 0.000, 0.000, 0.033, -0.005, -110.385, -18.875, -7.050, -22.042, 31.62,,,,,,,,,,,, 0.57080, 0.00009, -0.00031, -0.82104,
 12:57:54.656,COM3,, 0.000, 0.000, 1.003, 0.000, 0.000, 0.000, 0.033, -0.005, -110.385, -18.875, -7.033, -22.025, 31.68,,,,,,,,,,,, 0.57080, 0.00009, -0.00031, -0.82104,
 12:57:54.673,COM3,, 0.000, -0.001, 1.001, 0.000, 0.000, 0.000, 0.033, -0.005, -110.385, -18.842, -7.058, -22.008, 31.68,,,,,,,,,,,, 0.57080, 0.00009, -0.00031, -0.82104,
 12:57:54.673,COM3,, -0.001, 0.000, 1.002, 0.000, 0.000, 0.000, 0.033, -0.005, -110.385, -18.817, -7.042, -22.050, 31.68,,,,,,,,,,,, 0.57080, 0.00009, -0.00031, -0.82104,
 12:57:54.688,COM3,, 0.000, 0.000, 1.002, 0.000, 0.000, 0.000, 0.033, -0.005, -110.385, -18.800, -7.017, -22.117, 31.94,,,,,,,,,,,, 0.57080, 0.00009, -0.00031, -0.82104,
 12:57:54.688,COM3,, 0.002, 0.000, 1.000, 0.000, 0.000, 0.000, 0.033, -0.005, -110.385, -18.800, -7.033, -22.142, 32.12,,,,,,,,,,,, 0.57080, 0.00009, -0.00031, -0.82104,
 12:57:54.704,COM3,, 0.000, 0.000, 0.999, 0.000, 0.000, 0.000, 0.033, -0.005, -110.385, -18.833, -7.083, -22.075, 31.62,,,,,,,,,,,, 0.57080, 0.00009, -0.00031, -0.82104,
 12:57:54.720,COM3,, 0.003, 0.002, 0.998, 0.000, 0.000, 0.000, 0.033, -0.005, -110.385, -18.858, -7.125, -22.017, 31.94,,,,,,,,,,,, 0.57080, 0.00009, -0.00031, -0.82104,
 12:57:54.720,COM3,, -0.001, 0.002, 1.000, 0.000, 0.000, 0.000, 0.033, -0.005, -110.385, -18.892, -7.142, -21.992, 31.68,,,,,,,,,,,, 0.57080, 0.00009, -0.00031, -0.82104,
 12:57:54.736,COM3,, 0.000, 0.001, 1.000, 0.000, 0.000, 0.000, 0.033, -0.005, -110.385, -18.925, -7.150, -21.975, 31.94,,,,,,,,,,,, 0.57080, 0.00009, -0.00031, -0.82104,
 12:57:54.752,COM3,, 0.000, 0.000, 1.001, 0.000, 0.000, 0.000, 0.033, -0.005, -110.385, -18.933, -7.192, -21.975, 31.75,,,,,,,,,,,, 0.57080, 0.00009, -0.00031, -0.82104,
 12:57:54.752,COM3,, 0.001, -0.001, 1.001, 0.000, 0.000, 0.000, 0.033, -0.005, -110.385, -18.933, -7.217, -21.983, 31.75,,,,,,,,,,,, 0.57080, 0.00009, -0.00031, -0.82104,
 12:57:54.768,COM3,, 0.001, 0.002, 1.002, 0.000, 0.000, 0.000, 0.033, -0.005, -110.385, -18.908, -7.233, -21.933, 31.68,,,,,,,,,,,, 0.57080, 0.00009, -0.00031, -0.82104,
 12:57:54.768,COM3,, 0.001, 0.002, 1.001, 0.000, 0.000, 0.000, 0.033, -0.005, -110.385, -18.892, -7.267, -21.917, 31.68,,,,,,,,,,,, 0.57080, 0.00009, -0.00031, -0.82104,
 12:57:54.784,COM3,, -0.002, -0.001, 0.998, 0.000, 0.000, 0.000, 0.033, -0.011, -110.385, -18.900, -7.233, -21.942, 31.75,,,,,,,,,,,, 0.57080, 0.00009, -0.00031, -0.82104,
 12:57:54.800,COM3,, 0.001, 0.000, 0.999, 0.000, 0.000, 0.000, 0.033, -0.011, -110.385, -18.892, -7.183, -21.967, 31.75,,,,,,,,,,,, 0.57080, 0.00009, -0.00031, -0.82104,
 12:57:54.800,COM3,, 0.000, 0.001, 1.000, 0.000, 0.000, 0.000, 0.033, -0.011, -110.385, -18.883, -7.142, -22.017, 31.68,,,,,,,,,,,, 0.57080, 0.00009, -0.00031, -0.82104,
 12:57:54.815,COM3,, 0.001, -0.001, 0.999, 0.000, 0.000, 0.000, 0.033, -0.011, -110.385, -18.933, -7.117, -22.075, 31.75,,,,,,,,,,,, 0.57080, 0.00009, -0.00031, -0.82104,
 12:57:54.832,COM3,, 0.000, 0.000, 0.999, 0.000, 0.000, 0.000, 0.033, -0.011, -110.385, -18.967, -7.100, -22.067, 31.75,,,,,,,,,,,, 0.57080, 0.00009, -0.00031, -0.82104,
 12:57:54.832,COM3,, 0.000, 0.000, 1.001, 0.000, 0.000, 0.000, 0.033, -0.011, -110.385, -18.975, -7.117, -21.967, 31.75,,,,,,,,,,,, 0.57080, 0.00009, -0.00031, -0.82104,
 12:57:54.847,COM3,, 0.000, 0.000, 0.999, 0.000, 0.000, 0.000, 0.033, -0.011, -110.385, -18.967, -7.150, -21.917, 31.68,,,,,,,,,,,, 0.57080, 0.00009, -0.00031, -0.82104,
 12:57:54.863,COM3,, 0.000, -0.001, 1.002, 0.000, 0.000, 0.000, 0.033, -0.011, -110.385, -18.933, -7.142, -21.925, 31.87,,,,,,,,,,,, 0.57080, 0.00009, -0.00031, -0.82104,
 12:57:54.863,COM3,, 0.000, 0.000, 1.000, 0.000, 0.000, 0.000, 0.033, -0.011, -110.385, -18.900, -7.142, -21.925, 32.06,,,,,,,,,,,, 0.57080, 0.00009, -0.00031, -0.82104,
 12:57:54.878,COM3,, 0.001, 0.001, 0.999, 0.000, 0.000, 0.000, 0.033, -0.011, -110.385, -18.850, -7.133, -21.883, 31.75,,,,,,,,,,,, 0.57080, 0.00009, -0.00031, -0.82104,
 12:57:54.879,COM3,, -0.001, -0.001, 1.002, 0.000, 0.000, 0.000, 0.033, -0.011, -110.385, -18.817, -7.158, -21.850, 31.94,,,,,,,,,,,, 0.57080, 0.00009, -0.00031, -0.82104,
 12:57:54.893,COM3,, 0.001, 0.000, 1.001, 0.000, 0.000, 0.000, 0.033, -0.011, -110.385, -18.792, -7.175, -21.850, 32.00,,,,,,,,,,,, 0.57080, 0.00009, -0.00031, -0.82104,
 12:57:54.909,COM3,, 0.000, 0.001, 0.998, 0.000, 0.000, 0.000, 0.033, -0.011, -110.385, -18.792, -7.183, -21.908, 31.94,,,,,,,,,,,, 0.57080, 0.00009, -0.00031, -0.82104,
 12:57:54.909,COM3,, -0.001, 0.001, 1.000, 0.000, 0.000, 0.000, 0.033, -0.011, -110.385, -18.808, -7.167, -21.942, 32.06,,,,,,,,,,,, 0.57080, 0.00009, -0.00031, -0.82104,
 12:57:54.925,COM3,, 0.000, 0.000, 0.998, 0.000, 0.000, 0.000, 0.033, -0.011, -110.385, -18.833, -7.167, -21.908, 31.87,,,,,,,,,,,, 0.57080, 0.00009, -0.00031, -0.82104,
 12:57:54.941,COM3,, 0.000, 0.000, 1.002, 0.000, 0.000, 0.000, 0.033, -0.011, -110.385, -18.858, -7.175, -21.917, 31.75,,,,,,,,,,,, 0.57080, 0.00009, -0.00031, -0.82104,
 12:57:54.941,COM3,, 0.000, 0.000, 1.000, 0.000, 0.000, 0.000, 0.033, -0.011, -110.385, -18.867, -7.158, -21.917, 31.56,,,,,,,,,,,, 0.57080, 0.00009, -0.00031, -0.82104,
 12:57:54.957,COM3,, 0.000, 0.001, 1.004, 0.000, 0.000, 0.000, 0.033, -0.011, -110.385, -18.867, -7.175, -21.892, 31.87,,,,,,,,,,,, 0.57080, 0.00009, -0.00031, -0.82104,
 12:57:54.972,COM3,, -0.001, 0.000, 1.002, 0.000, 0.000, 0.000, 0.033, -0.011, -110.385, -18.850, -7.175, -21.875, 31.94,,,,,,,,,,,, 0.57080, 0.00009, -0.00031, -0.82104,
 12:57:54.972,COM3,, -0.003, 0.000, 1.003, 0.000, 0.000, 0.000, 0.033, -0.011, -110.385, -18.825, -7.200, -21.933, 31.62,,,,,,,,,,,, 0.57080, 0.00009, -0.00031, -0.82104,
 12:57:54.988,COM3,, 0.000, 0.000, 1.002, 0.000, 0.000, 0.000, 0.033, -0.011, -110.385, -18.783, -7.208, -21.992, 31.87,,,,,,,,,,,, 0.57080, 0.00009, -0.00031, -0.82104,
 12:57:54.988,COM3,, -0.001, 0.001, 0.999, 0.000, 0.000, 0.000, 0.033, -0.011, -110.385, -18.750, -7.208, -22.058, 31.62,,,,,,,,,,,, 0.57080, 0.00009, -0.00031, -0.82104,
 12:57:55.004,COM3,, 0.000, -0.001, 0.999, 0.000, 0.000, 0.000, 0.033, -0.011, -110.385, -18.750, -7.208, -22.092, 31.68,,,,,,,,,,,, 0.57080, 0.00009, -0.00031, -0.82104,
 12:57:55.020,COM3,, 0.001, 0.003, 0.999, 0.000, 0.000, 0.000, 0.033, -0.011, -110.385, -18.758, -7.225, -22.100, 31.94,,,,,,,,,,,, 0.57080, 0.00009, -0.00031, -0.82104,
 12:57:55.020,COM3,, 0.002, 0.002, 0.999, 0.000, 0.000, 0.000, 0.033, -0.011, -110.385, -18.750, -7.250, -22.158, 31.75,,,,,,,,,,,, 0.57080, 0.00009, -0.00031, -0.82104,
 12:57:55.036,COM3,, 0.000, 0.003, 1.000, 0.000, 0.000, 0.000, 0.033, -0.011, -110.385, -18.758, -7.267, -22.175, 31.75,,,,,,,,,,,, 0.57080, 0.00009, -0.00031, -0.82104,
 12:57:55.052,COM3,, 0.000, 0.000, 0.999, 0.000, 0.000, 0.000, 0.033, -0.011, -110.385, -18.783, -7.258, -22.150, 31.68,,,,,,,,,,,, 0.57080, 0.00009, -0.00031, -0.82104,
 12:57:55.052,COM3,, 0.000, 0.001, 1.001, 0.000, 0.000, 0.000, 0.033, -0.005, -110.385, -18.792, -7.283, -22.167, 31.75,,,,,,,,,,,, 0.57080, 0.00009, -0.00031, -0.82104,
 12:57:55.068,COM3,, 0.000, 0.000, 0.999, 0.000, 0.000, 0.000, 0.033, -0.005, -110.385, -18.783, -7.300, -22.200, 31.62,,,,,,,,,,,, 0.57080, 0.00009, -0.00031, -0.82104,
 12:57:55.068,COM3,, 0.001, 0.000, 0.999, 0.000, 0.000, 0.000, 0.033, -0.005, -110.385, -18.767, -7.308, -22.183, 31.62,,,,,,,,,,,, 0.57080, 0.00009, -0.00031, -0.82104,
 12:57:55.084,COM3,, 0.000, 0.000, 1.004, 0.000, 0.000, 0.000, 0.033, -0.005, -110.385, -18.767, -7.308, -22.133, 31.87,,,,,,,,,,,, 0.57080, 0.00009, -0.00031, -0.82104,
 12:57:55.100,COM3,, 0.000, 0.001, 0.998, 0.000, 0.000, 0.000, 0.033, -0.005, -110.385, -18.783, -7.283, -22.083, 31.75,,,,,,,,,,,, 0.57080, 0.00009, -0.00031, -0.82104,
 12:57:55.100,COM3,, 0.000, 0.002, 0.999, 0.000, 0.000, 0.000, 0.033, -0.005, -110.385, -18.792, -7.242, -22.042, 31.87,,,,,,,,,,,, 0.57080, 0.00009, -0.00031, -0.82104,
 12:57:55.115,COM3,, -0.001, 0.000, 1.001, 0.000, 0.000, 0.000, 0.033, -0.005, -110.385, -18.817, -7.208, -22.092, 31.94,,,,,,,,,,,, 0.57080, 0.00009, -0.00031, -0.82104,
 12:57:55.131,COM3,, 0.001, 0.002, 0.997, 0.000, 0.000, 0.000, 0.033, -0.005, -110.385, -18.875, -7.183, -22.133, 31.68,,,,,,,,,,,, 0.57080, 0.00009, -0.00031, -0.82104,
 12:57:55.131,COM3,, -0.001, 0.000, 1.000, 0.000, 0.000, 0.000, 0.033, -0.005, -110.385, -18.958, -7.150, -22.150, 31.87,,,,,,,,,,,, 0.57080, 0.00009, -0.00031, -0.82104,
 12:57:55.147,COM3,, 0.001, 0.002, 1.001, 0.000, 0.000, 0.000, 0.033, -0.005, -110.385, -19.017, -7.142, -22.167, 31.75,,,,,,,,,,,, 0.57080, 0.00009, -0.00031, -0.82104,
 12:57:55.162,COM3,, 0.000, 0.002, 1.000, 0.000, 0.000, 0.000, 0.033, -0.011, -110.385, -19.025, -7.142, -22.175, 31.62,,,,,,,,,,,, 0.57080, 0.00009, -0.00031, -0.82104,
 12:57:55.162,COM3,, 0.001, 0.000, 1.000, 0.000, 0.000, 0.000, 0.033, -0.011, -110.385, -19.050, -7.150, -22.250, 31.68,,,,,,,,,,,, 0.57080, 0.00009, -0.00031, -0.82104,
 12:57:55.179,COM3,, 0.000, 0.004, 1.002, 0.000, 0.000, 0.000, 0.033, -0.011, -110.385, -19.108, -7.100, -22.317, 31.68,,,,,,,,,,,, 0.57080, 0.00009, -0.00031, -0.82104,
 12:57:55.179,COM3,, -0.001, 0.001, 1.001, 0.000, 0.000, 0.000, 0.033, -0.011, -110.385, -19.150, -7.067, -22.342, 31.68,,,,,,,,,,,, 0.57080, 0.00009, -0.00031, -0.82104,
 12:57:55.194,COM3,, 0.001, 0.000, 1.002, 0.000, 0.000, 0.000, 0.033, -0.011, -110.385, -19.142, -7.100, -22.325, 31.87,,,,,,,,,,,, 0.57080, 0.00009, -0.00031, -0.82104,
 12:57:55.209,COM3,, -0.002, 0.002, 0.998, 0.000, 0.000, 0.000, 0.033, -0.005, -110.385, -19.125, -7.117, -22.275, 31.49,,,,,,,,,,,, 0.57080, 0.00009, -0.00031, -0.82104,
 12:57:55.209,COM3,, 0.001, 0.000, 0.998, 0.000, 0.000, 0.000, 0.033, -0.005, -110.385, -19.133, -7.108, -22.167, 31.87,,,,,,,,,,,, 0.57080, 0.00009, -0.00031, -0.82104,
 12:57:55.225,COM3,, 0.000, 0.000, 1.004, 0.000, 0.000, 0.000, 0.033, -0.005, -110.385, -19.117, -7.133, -22.042, 32.00,,,,,,,,,,,, 0.57080, 0.00009, -0.00031, -0.82104,
 12:57:55.241,COM3,, 0.001, 0.001, 0.996, 0.000, 0.000, 0.000, 0.033, -0.005, -110.385, -19.075, -7.167, -21.975, 31.94,,,,,,,,,,,, 0.57080, 0.00009, -0.00031, -0.82104,
 12:57:55.241,COM3,, 0.000, 0.001, 0.999, 0.000, 0.000, 0.000, 0.033, -0.005, -110.385, -19.050, -7.183, -21.950, 31.94,,,,,,,,,,,, 0.57080, 0.00009, -0.00031, -0.82104,
 12:57:55.257,COM3,, 0.000, 0.001, 1.002, 0.000, 0.000, 0.000, 0.033, -0.005, -110.385, -19.000, -7.192, -21.875, 31.68,,,,,,,,,,,, 0.57080, 0.00009, -0.00031, -0.82104,